Fecha,Hora,Forma Registro,Tipo Registro,Legajo,Empleado,Observaciones
01/01/25,08:00,Local,Entrada,10,Azucena Picaflor,
01/01/25,17:00,Local,Salida,10,Azucena Picaflor,
01/01/25,08:00,Local,Entrada,12,Cachito Bellavista,
01/01/25,17:00,Local,Salida,12,Cachito Bellavista,
01/01/25,08:00,Local,Entrada,14,Gabriel Marquez,
01/01/25,17:00,Local,Salida,14,Gabriel Marquez,
02/01/25,08:00,Manual,Entrada,10,Azucena Picaflor,
02/01/25,17:00,Manual,Salida,10,Azucena Picaflor,
02/01/25,08:00,Manual,Entrada,12,Cachito Bellavista,
02/01/25,17:00,Manual,Salida,12,Cachito Bellavista,
02/01/25,08:00,Manual,Entrada,14,Gabriel Marquez,
02/01/25,17:00,Manual,Salida,14,Gabriel Marquez,
03/01/25,08:00,Local,Entrada,10,Azucena Picaflor,
03/01/25,17:00,Local,Salida,10,Azucena Picaflor,
03/01/25,08:00,Local,Entrada,12,Cachito Bellavista,
03/01/25,17:00,Local,Salida,12,Cachito Bellavista,
03/01/25,08:00,Local,Entrada,14,Gabriel Marquez,
03/01/25,17:00,Local,Salida,14,Gabriel Marquez,
06/01/25,08:00,Manual,Entrada,10,Azucena Picaflor,
06/01/25,17:00,Manual,Salida,10,Azucena Picaflor,
06/01/25,08:00,Manual,Entrada,12,Cachito Bellavista,
06/01/25,17:00,Manual,Salida,12,Cachito Bellavista,
06/01/25,08:00,Manual,Entrada,14,Gabriel Marquez,
06/01/25,17:00,Manual,Salida,14,Gabriel Marquez,
07/01/25,08:00,Local,Entrada,10,Azucena Picaflor,
07/01/25,17:00,Local,Salida,10,Azucena Picaflor,
07/01/25,08:00,Local,Entrada,12,Cachito Bellavista,
07/01/25,17:00,Local,Salida,12,Cachito Bellavista,
07/01/25,08:00,Local,Entrada,14,Gabriel Marquez,
07/01/25,17:00,Local,Salida,14,Gabriel Marquez,
08/01/25,08:00,Manual,Entrada,10,Azucena Picaflor,
08/01/25,17:00,Manual,Salida,10,Azucena Picaflor,
08/01/25,08:00,Manual,Entrada,12,Cachito Bellavista,
08/01/25,17:00,Manual,Salida,12,Cachito Bellavista,
08/01/25,08:00,Manual,Entrada,14,Gabriel Marquez,
08/01/25,17:00,Manual,Salida,14,Gabriel Marquez,
09/01/25,08:00,Local,Entrada,10,Azucena Picaflor,
09/01/25,17:00,Local,Salida,10,Azucena Picaflor,
09/01/25,08:00,Local,Entrada,12,Cachito Bellavista,
09/01/25,17:00,Local,Salida,12,Cachito Bellavista,
09/01/25,08:00,Local,Entrada,14,Gabriel Marquez,
09/01/25,17:00,Local,Salida,14,Gabriel Marquez,
10/01/25,08:00,Manual,Entrada,10,Azucena Picaflor,
10/01/25,17:00,Manual,Salida,10,Azucena Picaflor,
10/01/25,08:00,Manual,Entrada,12,Cachito Bellavista,
10/01/25,17:00,Manual,Salida,12,Cachito Bellavista,
10/01/25,08:00,Manual,Entrada,14,Gabriel Marquez,
10/01/25,17:00,Manual,Salida,14,Gabriel Marquez,
13/01/25,08:00,Local,Entrada,10,Azucena Picaflor,
13/01/25,17:00,Local,Salida,10,Azucena Picaflor,
13/01/25,08:00,Local,Entrada,12,Cachito Bellavista,
13/01/25,17:00,Local,Salida,12,Cachito Bellavista,
13/01/25,08:00,Local,Entrada,14,Gabriel Marquez,
13/01/25,17:00,Local,Salida,14,Gabriel Marquez,
14/01/25,08:00,Manual,Entrada,10,Azucena Picaflor,
14/01/25,17:00,Manual,Salida,10,Azucena Picaflor,
14/01/25,08:00,Manual,Entrada,12,Cachito Bellavista,
14/01/25,17:00,Manual,Salida,12,Cachito Bellavista,
14/01/25,08:00,Manual,Entrada,14,Gabriel Marquez,
14/01/25,17:00,Manual,Salida,14,Gabriel Marquez,
15/01/25,08:00,Local,Entrada,10,Azucena Picaflor,
15/01/25,17:00,Local,Salida,10,Azucena Picaflor,
15/01/25,08:00,Local,Entrada,12,Cachito Bellavista,
15/01/25,17:00,Local,Salida,12,Cachito Bellavista,
15/01/25,08:00,Local,Entrada,14,Gabriel Marquez,
15/01/25,17:00,Local,Salida,14,Gabriel Marquez,
16/01/25,08:00,Manual,Entrada,10,Azucena Picaflor,
16/01/25,17:00,Manual,Salida,10,Azucena Picaflor,
16/01/25,08:00,Manual,Entrada,12,Cachito Bellavista,
16/01/25,17:00,Manual,Salida,12,Cachito Bellavista,
16/01/25,08:00,Manual,Entrada,14,Gabriel Marquez,
16/01/25,17:00,Manual,Salida,14,Gabriel Marquez,
17/01/25,08:00,Local,Entrada,10,Azucena Picaflor,
17/01/25,17:00,Local,Salida,10,Azucena Picaflor,
17/01/25,08:00,Local,Entrada,12,Cachito Bellavista,
17/01/25,17:00,Local,Salida,12,Cachito Bellavista,
17/01/25,08:00,Local,Entrada,14,Gabriel Marquez,
17/01/25,17:00,Local,Salida,14,Gabriel Marquez,
20/01/25,08:00,Manual,Entrada,10,Azucena Picaflor,
20/01/25,17:00,Manual,Salida,10,Azucena Picaflor,
20/01/25,08:00,Manual,Entrada,12,Cachito Bellavista,
20/01/25,17:00,Manual,Salida,12,Cachito Bellavista,
20/01/25,08:00,Manual,Entrada,14,Gabriel Marquez,
20/01/25,17:00,Manual,Salida,14,Gabriel Marquez,
21/01/25,08:00,Local,Entrada,10,Azucena Picaflor,
21/01/25,17:00,Local,Salida,10,Azucena Picaflor,
21/01/25,08:00,Local,Entrada,12,Cachito Bellavista,
21/01/25,17:00,Local,Salida,12,Cachito Bellavista,
21/01/25,08:00,Local,Entrada,14,Gabriel Marquez,
21/01/25,17:00,Local,Salida,14,Gabriel Marquez,
22/01/25,08:00,Manual,Entrada,10,Azucena Picaflor,
22/01/25,17:00,Manual,Salida,10,Azucena Picaflor,
22/01/25,08:00,Manual,Entrada,12,Cachito Bellavista,
22/01/25,17:00,Manual,Salida,12,Cachito Bellavista,
22/01/25,08:00,Manual,Entrada,14,Gabriel Marquez,
22/01/25,17:00,Manual,Salida,14,Gabriel Marquez,
23/01/25,08:00,Local,Entrada,10,Azucena Picaflor,
23/01/25,17:00,Local,Salida,10,Azucena Picaflor,
23/01/25,08:00,Local,Entrada,12,Cachito Bellavista,
23/01/25,17:00,Local,Salida,12,Cachito Bellavista,
23/01/25,08:00,Local,Entrada,14,Gabriel Marquez,
23/01/25,17:00,Local,Salida,14,Gabriel Marquez,
24/01/25,08:00,Manual,Entrada,10,Azucena Picaflor,
24/01/25,17:00,Manual,Salida,10,Azucena Picaflor,
24/01/25,08:00,Manual,Entrada,12,Cachito Bellavista,
24/01/25,17:00,Manual,Salida,12,Cachito Bellavista,
24/01/25,08:00,Manual,Entrada,14,Gabriel Marquez,
24/01/25,17:00,Manual,Salida,14,Gabriel Marquez,
27/01/25,08:00,Local,Entrada,10,Azucena Picaflor,
27/01/25,17:00,Local,Salida,10,Azucena Picaflor,
27/01/25,08:00,Local,Entrada,12,Cachito Bellavista,
27/01/25,17:00,Local,Salida,12,Cachito Bellavista,
27/01/25,08:00,Local,Entrada,14,Gabriel Marquez,
27/01/25,17:00,Local,Salida,14,Gabriel Marquez,
28/01/25,08:00,Manual,Entrada,10,Azucena Picaflor,
28/01/25,17:00,Manual,Salida,10,Azucena Picaflor,
28/01/25,08:00,Manual,Entrada,12,Cachito Bellavista,
28/01/25,17:00,Manual,Salida,12,Cachito Bellavista,
28/01/25,08:00,Manual,Entrada,14,Gabriel Marquez,
28/01/25,17:00,Manual,Salida,14,Gabriel Marquez,
29/01/25,08:00,Local,Entrada,10,Azucena Picaflor,
29/01/25,17:00,Local,Salida,10,Azucena Picaflor,
29/01/25,08:00,Local,Entrada,12,Cachito Bellavista,
29/01/25,17:00,Local,Salida,12,Cachito Bellavista,
29/01/25,08:00,Local,Entrada,14,Gabriel Marquez,
29/01/25,17:00,Local,Salida,14,Gabriel Marquez,
30/01/25,08:00,Manual,Entrada,10,Azucena Picaflor,
30/01/25,17:00,Manual,Salida,10,Azucena Picaflor,
30/01/25,08:00,Manual,Entrada,12,Cachito Bellavista,
30/01/25,17:00,Manual,Salida,12,Cachito Bellavista,
30/01/25,08:00,Manual,Entrada,14,Gabriel Marquez,
30/01/25,17:00,Manual,Salida,14,Gabriel Marquez,
31/01/25,08:00,Local,Entrada,10,Azucena Picaflor,
31/01/25,17:00,Local,Salida,10,Azucena Picaflor,
31/01/25,08:00,Local,Entrada,12,Cachito Bellavista,
31/01/25,17:00,Local,Salida,12,Cachito Bellavista,
31/01/25,08:00,Local,Entrada,14,Gabriel Marquez,
31/01/25,17:00,Local,Salida,14,Gabriel Marquez,
03/02/25,08:00,Manual,Entrada,10,Azucena Picaflor,
03/02/25,17:00,Manual,Salida,10,Azucena Picaflor,
03/02/25,08:00,Manual,Entrada,12,Cachito Bellavista,
03/02/25,17:00,Manual,Salida,12,Cachito Bellavista,
03/02/25,08:00,Manual,Entrada,14,Gabriel Marquez,
03/02/25,17:00,Manual,Salida,14,Gabriel Marquez,
04/02/25,08:00,Local,Entrada,10,Azucena Picaflor,
04/02/25,17:00,Local,Salida,10,Azucena Picaflor,
04/02/25,08:00,Local,Entrada,12,Cachito Bellavista,
04/02/25,17:00,Local,Salida,12,Cachito Bellavista,
04/02/25,08:00,Local,Entrada,14,Gabriel Marquez,
04/02/25,17:00,Local,Salida,14,Gabriel Marquez,
05/02/25,08:00,Manual,Entrada,10,Azucena Picaflor,
05/02/25,17:00,Manual,Salida,10,Azucena Picaflor,
05/02/25,08:00,Manual,Entrada,12,Cachito Bellavista,
05/02/25,17:00,Manual,Salida,12,Cachito Bellavista,
05/02/25,08:00,Manual,Entrada,14,Gabriel Marquez,
05/02/25,17:00,Manual,Salida,14,Gabriel Marquez,
06/02/25,08:00,Local,Entrada,10,Azucena Picaflor,
06/02/25,17:00,Local,Salida,10,Azucena Picaflor,
06/02/25,08:00,Local,Entrada,12,Cachito Bellavista,
06/02/25,17:00,Local,Salida,12,Cachito Bellavista,
06/02/25,08:00,Local,Entrada,14,Gabriel Marquez,
06/02/25,17:00,Local,Salida,14,Gabriel Marquez,
07/02/25,08:00,Manual,Entrada,10,Azucena Picaflor,
07/02/25,17:00,Manual,Salida,10,Azucena Picaflor,
07/02/25,08:00,Manual,Entrada,12,Cachito Bellavista,
07/02/25,17:00,Manual,Salida,12,Cachito Bellavista,
07/02/25,08:00,Manual,Entrada,14,Gabriel Marquez,
07/02/25,17:00,Manual,Salida,14,Gabriel Marquez,
10/02/25,08:00,Local,Entrada,10,Azucena Picaflor,
10/02/25,17:00,Local,Salida,10,Azucena Picaflor,
10/02/25,08:00,Local,Entrada,12,Cachito Bellavista,
10/02/25,17:00,Local,Salida,12,Cachito Bellavista,
10/02/25,08:00,Local,Entrada,14,Gabriel Marquez,
10/02/25,17:00,Local,Salida,14,Gabriel Marquez,
11/02/25,08:00,Manual,Entrada,10,Azucena Picaflor,
11/02/25,17:00,Manual,Salida,10,Azucena Picaflor,
11/02/25,08:00,Manual,Entrada,12,Cachito Bellavista,
11/02/25,17:00,Manual,Salida,12,Cachito Bellavista,
11/02/25,08:00,Manual,Entrada,14,Gabriel Marquez,
11/02/25,17:00,Manual,Salida,14,Gabriel Marquez,
12/02/25,08:00,Local,Entrada,10,Azucena Picaflor,
12/02/25,17:00,Local,Salida,10,Azucena Picaflor,
12/02/25,08:00,Local,Entrada,12,Cachito Bellavista,
12/02/25,17:00,Local,Salida,12,Cachito Bellavista,
12/02/25,08:00,Local,Entrada,14,Gabriel Marquez,
12/02/25,17:00,Local,Salida,14,Gabriel Marquez,
13/02/25,08:00,Manual,Entrada,10,Azucena Picaflor,
13/02/25,17:00,Manual,Salida,10,Azucena Picaflor,
13/02/25,08:00,Manual,Entrada,12,Cachito Bellavista,
13/02/25,17:00,Manual,Salida,12,Cachito Bellavista,
13/02/25,08:00,Manual,Entrada,14,Gabriel Marquez,
13/02/25,17:00,Manual,Salida,14,Gabriel Marquez,
14/02/25,08:00,Local,Entrada,10,Azucena Picaflor,
14/02/25,17:00,Local,Salida,10,Azucena Picaflor,
14/02/25,08:00,Local,Entrada,12,Cachito Bellavista,
14/02/25,17:00,Local,Salida,12,Cachito Bellavista,
14/02/25,08:00,Local,Entrada,14,Gabriel Marquez,
14/02/25,17:00,Local,Salida,14,Gabriel Marquez,
17/02/25,08:00,Manual,Entrada,10,Azucena Picaflor,
17/02/25,17:00,Manual,Salida,10,Azucena Picaflor,
17/02/25,08:00,Manual,Entrada,12,Cachito Bellavista,
17/02/25,17:00,Manual,Salida,12,Cachito Bellavista,
17/02/25,08:00,Manual,Entrada,14,Gabriel Marquez,
17/02/25,17:00,Manual,Salida,14,Gabriel Marquez,
18/02/25,08:00,Local,Entrada,10,Azucena Picaflor,
18/02/25,17:00,Local,Salida,10,Azucena Picaflor,
18/02/25,08:00,Local,Entrada,12,Cachito Bellavista,
18/02/25,17:00,Local,Salida,12,Cachito Bellavista,
18/02/25,08:00,Local,Entrada,14,Gabriel Marquez,
18/02/25,17:00,Local,Salida,14,Gabriel Marquez,
19/02/25,08:00,Manual,Entrada,10,Azucena Picaflor,
19/02/25,17:00,Manual,Salida,10,Azucena Picaflor,
19/02/25,08:00,Manual,Entrada,12,Cachito Bellavista,
19/02/25,17:00,Manual,Salida,12,Cachito Bellavista,
19/02/25,08:00,Manual,Entrada,14,Gabriel Marquez,
19/02/25,17:00,Manual,Salida,14,Gabriel Marquez,
20/02/25,08:00,Local,Entrada,10,Azucena Picaflor,
20/02/25,17:00,Local,Salida,10,Azucena Picaflor,
20/02/25,08:00,Local,Entrada,12,Cachito Bellavista,
20/02/25,17:00,Local,Salida,12,Cachito Bellavista,
20/02/25,08:00,Local,Entrada,14,Gabriel Marquez,
20/02/25,17:00,Local,Salida,14,Gabriel Marquez,
21/02/25,08:00,Manual,Entrada,10,Azucena Picaflor,
21/02/25,17:00,Manual,Salida,10,Azucena Picaflor,
21/02/25,08:00,Manual,Entrada,12,Cachito Bellavista,
21/02/25,17:00,Manual,Salida,12,Cachito Bellavista,
21/02/25,08:00,Manual,Entrada,14,Gabriel Marquez,
21/02/25,17:00,Manual,Salida,14,Gabriel Marquez,
24/02/25,08:00,Local,Entrada,10,Azucena Picaflor,
24/02/25,17:00,Local,Salida,10,Azucena Picaflor,
24/02/25,08:00,Local,Entrada,12,Cachito Bellavista,
24/02/25,17:00,Local,Salida,12,Cachito Bellavista,
24/02/25,08:00,Local,Entrada,14,Gabriel Marquez,
24/02/25,17:00,Local,Salida,14,Gabriel Marquez,
25/02/25,08:00,Manual,Entrada,10,Azucena Picaflor,
25/02/25,17:00,Manual,Salida,10,Azucena Picaflor,
25/02/25,08:00,Manual,Entrada,12,Cachito Bellavista,
25/02/25,17:00,Manual,Salida,12,Cachito Bellavista,
25/02/25,08:00,Manual,Entrada,14,Gabriel Marquez,
25/02/25,17:00,Manual,Salida,14,Gabriel Marquez,
26/02/25,08:00,Local,Entrada,10,Azucena Picaflor,
26/02/25,17:00,Local,Salida,10,Azucena Picaflor,
26/02/25,08:00,Local,Entrada,12,Cachito Bellavista,
26/02/25,17:00,Local,Salida,12,Cachito Bellavista,
26/02/25,08:00,Local,Entrada,14,Gabriel Marquez,
26/02/25,17:00,Local,Salida,14,Gabriel Marquez,
27/02/25,08:00,Manual,Entrada,10,Azucena Picaflor,
27/02/25,17:00,Manual,Salida,10,Azucena Picaflor,
27/02/25,08:00,Manual,Entrada,12,Cachito Bellavista,
27/02/25,17:00,Manual,Salida,12,Cachito Bellavista,
27/02/25,08:00,Manual,Entrada,14,Gabriel Marquez,
27/02/25,17:00,Manual,Salida,14,Gabriel Marquez,
28/02/25,08:00,Local,Entrada,10,Azucena Picaflor,
28/02/25,17:00,Local,Salida,10,Azucena Picaflor,
28/02/25,08:00,Local,Entrada,12,Cachito Bellavista,
28/02/25,17:00,Local,Salida,12,Cachito Bellavista,
28/02/25,08:00,Local,Entrada,14,Gabriel Marquez,
28/02/25,17:00,Local,Salida,14,Gabriel Marquez,
03/03/25,08:00,Manual,Entrada,10,Azucena Picaflor,
03/03/25,17:00,Manual,Salida,10,Azucena Picaflor,
03/03/25,08:00,Manual,Entrada,12,Cachito Bellavista,
03/03/25,17:00,Manual,Salida,12,Cachito Bellavista,
03/03/25,08:00,Manual,Entrada,14,Gabriel Marquez,
03/03/25,17:00,Manual,Salida,14,Gabriel Marquez,
04/03/25,08:00,Local,Entrada,10,Azucena Picaflor,
04/03/25,17:00,Local,Salida,10,Azucena Picaflor,
04/03/25,08:00,Local,Entrada,12,Cachito Bellavista,
04/03/25,17:00,Local,Salida,12,Cachito Bellavista,
04/03/25,08:00,Local,Entrada,14,Gabriel Marquez,
04/03/25,17:00,Local,Salida,14,Gabriel Marquez,
05/03/25,08:00,Manual,Entrada,10,Azucena Picaflor,
05/03/25,17:00,Manual,Salida,10,Azucena Picaflor,
05/03/25,08:00,Manual,Entrada,12,Cachito Bellavista,
05/03/25,17:00,Manual,Salida,12,Cachito Bellavista,
05/03/25,08:00,Manual,Entrada,14,Gabriel Marquez,
05/03/25,17:00,Manual,Salida,14,Gabriel Marquez,
06/03/25,08:00,Local,Entrada,10,Azucena Picaflor,
06/03/25,17:00,Local,Salida,10,Azucena Picaflor,
06/03/25,08:00,Local,Entrada,12,Cachito Bellavista,
06/03/25,17:00,Local,Salida,12,Cachito Bellavista,
06/03/25,08:00,Local,Entrada,14,Gabriel Marquez,
06/03/25,17:00,Local,Salida,14,Gabriel Marquez,
07/03/25,08:00,Manual,Entrada,10,Azucena Picaflor,
07/03/25,17:00,Manual,Salida,10,Azucena Picaflor,
07/03/25,08:00,Manual,Entrada,12,Cachito Bellavista,
07/03/25,17:00,Manual,Salida,12,Cachito Bellavista,
07/03/25,08:00,Manual,Entrada,14,Gabriel Marquez,
07/03/25,17:00,Manual,Salida,14,Gabriel Marquez,
10/03/25,08:00,Local,Entrada,10,Azucena Picaflor,
10/03/25,17:00,Local,Salida,10,Azucena Picaflor,
10/03/25,08:00,Local,Entrada,12,Cachito Bellavista,
10/03/25,17:00,Local,Salida,12,Cachito Bellavista,
10/03/25,08:00,Local,Entrada,14,Gabriel Marquez,
10/03/25,17:00,Local,Salida,14,Gabriel Marquez,
11/03/25,08:00,Manual,Entrada,10,Azucena Picaflor,
11/03/25,17:00,Manual,Salida,10,Azucena Picaflor,
11/03/25,08:00,Manual,Entrada,12,Cachito Bellavista,
11/03/25,17:00,Manual,Salida,12,Cachito Bellavista,
11/03/25,08:00,Manual,Entrada,14,Gabriel Marquez,
11/03/25,17:00,Manual,Salida,14,Gabriel Marquez,
12/03/25,08:00,Local,Entrada,10,Azucena Picaflor,
12/03/25,17:00,Local,Salida,10,Azucena Picaflor,
12/03/25,08:00,Local,Entrada,12,Cachito Bellavista,
12/03/25,17:00,Local,Salida,12,Cachito Bellavista,
12/03/25,08:00,Local,Entrada,14,Gabriel Marquez,
12/03/25,17:00,Local,Salida,14,Gabriel Marquez,
13/03/25,08:00,Manual,Entrada,10,Azucena Picaflor,
13/03/25,17:00,Manual,Salida,10,Azucena Picaflor,
13/03/25,08:00,Manual,Entrada,12,Cachito Bellavista,
13/03/25,17:00,Manual,Salida,12,Cachito Bellavista,
13/03/25,08:00,Manual,Entrada,14,Gabriel Marquez,
13/03/25,17:00,Manual,Salida,14,Gabriel Marquez,
14/03/25,08:00,Local,Entrada,10,Azucena Picaflor,
14/03/25,17:00,Local,Salida,10,Azucena Picaflor,
14/03/25,08:00,Local,Entrada,12,Cachito Bellavista,
14/03/25,17:00,Local,Salida,12,Cachito Bellavista,
14/03/25,08:00,Local,Entrada,14,Gabriel Marquez,
14/03/25,17:00,Local,Salida,14,Gabriel Marquez,
17/03/25,08:00,Manual,Entrada,10,Azucena Picaflor,
17/03/25,17:00,Manual,Salida,10,Azucena Picaflor,
17/03/25,08:00,Manual,Entrada,12,Cachito Bellavista,
17/03/25,17:00,Manual,Salida,12,Cachito Bellavista,
17/03/25,08:00,Manual,Entrada,14,Gabriel Marquez,
17/03/25,17:00,Manual,Salida,14,Gabriel Marquez,
18/03/25,08:00,Local,Entrada,10,Azucena Picaflor,
18/03/25,17:00,Local,Salida,10,Azucena Picaflor,
18/03/25,08:00,Local,Entrada,12,Cachito Bellavista,
18/03/25,17:00,Local,Salida,12,Cachito Bellavista,
18/03/25,08:00,Local,Entrada,14,Gabriel Marquez,
18/03/25,17:00,Local,Salida,14,Gabriel Marquez,
19/03/25,08:00,Manual,Entrada,10,Azucena Picaflor,
19/03/25,17:00,Manual,Salida,10,Azucena Picaflor,
19/03/25,08:00,Manual,Entrada,12,Cachito Bellavista,
19/03/25,17:00,Manual,Salida,12,Cachito Bellavista,
19/03/25,08:00,Manual,Entrada,14,Gabriel Marquez,
19/03/25,17:00,Manual,Salida,14,Gabriel Marquez,
20/03/25,08:00,Local,Entrada,10,Azucena Picaflor,
20/03/25,17:00,Local,Salida,10,Azucena Picaflor,
20/03/25,08:00,Local,Entrada,12,Cachito Bellavista,
20/03/25,17:00,Local,Salida,12,Cachito Bellavista,
20/03/25,08:00,Local,Entrada,14,Gabriel Marquez,
20/03/25,17:00,Local,Salida,14,Gabriel Marquez,
21/03/25,08:00,Manual,Entrada,10,Azucena Picaflor,
21/03/25,17:00,Manual,Salida,10,Azucena Picaflor,
21/03/25,08:00,Manual,Entrada,12,Cachito Bellavista,
21/03/25,17:00,Manual,Salida,12,Cachito Bellavista,
21/03/25,08:00,Manual,Entrada,14,Gabriel Marquez,
21/03/25,17:00,Manual,Salida,14,Gabriel Marquez,
24/03/25,08:00,Local,Entrada,10,Azucena Picaflor,
24/03/25,17:00,Local,Salida,10,Azucena Picaflor,
24/03/25,08:00,Local,Entrada,12,Cachito Bellavista,
24/03/25,17:00,Local,Salida,12,Cachito Bellavista,
24/03/25,08:00,Local,Entrada,14,Gabriel Marquez,
24/03/25,17:00,Local,Salida,14,Gabriel Marquez,
25/03/25,08:00,Manual,Entrada,10,Azucena Picaflor,
25/03/25,17:00,Manual,Salida,10,Azucena Picaflor,
25/03/25,08:00,Manual,Entrada,12,Cachito Bellavista,
25/03/25,17:00,Manual,Salida,12,Cachito Bellavista,
25/03/25,08:00,Manual,Entrada,14,Gabriel Marquez,
25/03/25,17:00,Manual,Salida,14,Gabriel Marquez,
26/03/25,08:00,Local,Entrada,10,Azucena Picaflor,
26/03/25,17:00,Local,Salida,10,Azucena Picaflor,
26/03/25,08:00,Local,Entrada,12,Cachito Bellavista,
26/03/25,17:00,Local,Salida,12,Cachito Bellavista,
26/03/25,08:00,Local,Entrada,14,Gabriel Marquez,
26/03/25,17:00,Local,Salida,14,Gabriel Marquez,
27/03/25,08:00,Manual,Entrada,10,Azucena Picaflor,
27/03/25,17:00,Manual,Salida,10,Azucena Picaflor,
27/03/25,08:00,Manual,Entrada,12,Cachito Bellavista,
27/03/25,17:00,Manual,Salida,12,Cachito Bellavista,
27/03/25,08:00,Manual,Entrada,14,Gabriel Marquez,
27/03/25,17:00,Manual,Salida,14,Gabriel Marquez,
28/03/25,08:00,Local,Entrada,10,Azucena Picaflor,
28/03/25,17:00,Local,Salida,10,Azucena Picaflor,
28/03/25,08:00,Local,Entrada,12,Cachito Bellavista,
28/03/25,17:00,Local,Salida,12,Cachito Bellavista,
28/03/25,08:00,Local,Entrada,14,Gabriel Marquez,
28/03/25,17:00,Local,Salida,14,Gabriel Marquez,
31/03/25,08:00,Manual,Entrada,10,Azucena Picaflor,
31/03/25,17:00,Manual,Salida,10,Azucena Picaflor,
31/03/25,08:00,Manual,Entrada,12,Cachito Bellavista,
31/03/25,17:00,Manual,Salida,12,Cachito Bellavista,
31/03/25,08:00,Manual,Entrada,14,Gabriel Marquez,
31/03/25,17:00,Manual,Salida,14,Gabriel Marquez,
01/04/25,08:00,Local,Entrada,10,Azucena Picaflor,
01/04/25,17:00,Local,Salida,10,Azucena Picaflor,
01/04/25,08:00,Local,Entrada,12,Cachito Bellavista,
01/04/25,17:00,Local,Salida,12,Cachito Bellavista,
01/04/25,08:00,Local,Entrada,14,Gabriel Marquez,
01/04/25,17:00,Local,Salida,14,Gabriel Marquez,
02/04/25,08:00,Manual,Entrada,10,Azucena Picaflor,
02/04/25,17:00,Manual,Salida,10,Azucena Picaflor,
02/04/25,08:00,Manual,Entrada,12,Cachito Bellavista,
02/04/25,17:00,Manual,Salida,12,Cachito Bellavista,
02/04/25,08:00,Manual,Entrada,14,Gabriel Marquez,
02/04/25,17:00,Manual,Salida,14,Gabriel Marquez,
03/04/25,08:00,Local,Entrada,10,Azucena Picaflor,
03/04/25,17:00,Local,Salida,10,Azucena Picaflor,
03/04/25,08:00,Local,Entrada,12,Cachito Bellavista,
03/04/25,17:00,Local,Salida,12,Cachito Bellavista,
03/04/25,08:00,Local,Entrada,14,Gabriel Marquez,
03/04/25,17:00,Local,Salida,14,Gabriel Marquez,
04/04/25,08:00,Manual,Entrada,10,Azucena Picaflor,
04/04/25,17:00,Manual,Salida,10,Azucena Picaflor,
04/04/25,08:00,Manual,Entrada,12,Cachito Bellavista,
04/04/25,17:00,Manual,Salida,12,Cachito Bellavista,
04/04/25,08:00,Manual,Entrada,14,Gabriel Marquez,
04/04/25,17:00,Manual,Salida,14,Gabriel Marquez,
07/04/25,08:00,Local,Entrada,10,Azucena Picaflor,
07/04/25,17:00,Local,Salida,10,Azucena Picaflor,
07/04/25,08:00,Local,Entrada,12,Cachito Bellavista,
07/04/25,17:00,Local,Salida,12,Cachito Bellavista,
07/04/25,08:00,Local,Entrada,14,Gabriel Marquez,
07/04/25,17:00,Local,Salida,14,Gabriel Marquez,
08/04/25,08:00,Manual,Entrada,10,Azucena Picaflor,
08/04/25,17:00,Manual,Salida,10,Azucena Picaflor,
08/04/25,08:00,Manual,Entrada,12,Cachito Bellavista,
08/04/25,17:00,Manual,Salida,12,Cachito Bellavista,
08/04/25,08:00,Manual,Entrada,14,Gabriel Marquez,
08/04/25,17:00,Manual,Salida,14,Gabriel Marquez,
09/04/25,08:00,Local,Entrada,10,Azucena Picaflor,
09/04/25,17:00,Local,Salida,10,Azucena Picaflor,
09/04/25,08:00,Local,Entrada,12,Cachito Bellavista,
09/04/25,17:00,Local,Salida,12,Cachito Bellavista,
09/04/25,08:00,Local,Entrada,14,Gabriel Marquez,
09/04/25,17:00,Local,Salida,14,Gabriel Marquez,
10/04/25,08:00,Manual,Entrada,10,Azucena Picaflor,
10/04/25,17:00,Manual,Salida,10,Azucena Picaflor,
10/04/25,08:00,Manual,Entrada,12,Cachito Bellavista,
10/04/25,17:00,Manual,Salida,12,Cachito Bellavista,
10/04/25,08:00,Manual,Entrada,14,Gabriel Marquez,
10/04/25,17:00,Manual,Salida,14,Gabriel Marquez,
11/04/25,08:00,Local,Entrada,10,Azucena Picaflor,
11/04/25,17:00,Local,Salida,10,Azucena Picaflor,
11/04/25,08:00,Local,Entrada,12,Cachito Bellavista,
11/04/25,17:00,Local,Salida,12,Cachito Bellavista,
11/04/25,08:00,Local,Entrada,14,Gabriel Marquez,
11/04/25,17:00,Local,Salida,14,Gabriel Marquez,
14/04/25,08:00,Manual,Entrada,10,Azucena Picaflor,
14/04/25,17:00,Manual,Salida,10,Azucena Picaflor,
14/04/25,08:00,Manual,Entrada,12,Cachito Bellavista,
14/04/25,17:00,Manual,Salida,12,Cachito Bellavista,
14/04/25,08:00,Manual,Entrada,14,Gabriel Marquez,
14/04/25,17:00,Manual,Salida,14,Gabriel Marquez,
15/04/25,08:00,Local,Entrada,10,Azucena Picaflor,
15/04/25,17:00,Local,Salida,10,Azucena Picaflor,
15/04/25,08:00,Local,Entrada,12,Cachito Bellavista,
15/04/25,17:00,Local,Salida,12,Cachito Bellavista,
15/04/25,08:00,Local,Entrada,14,Gabriel Marquez,
15/04/25,17:00,Local,Salida,14,Gabriel Marquez,
16/04/25,08:00,Manual,Entrada,10,Azucena Picaflor,
16/04/25,17:00,Manual,Salida,10,Azucena Picaflor,
16/04/25,08:00,Manual,Entrada,12,Cachito Bellavista,
16/04/25,17:00,Manual,Salida,12,Cachito Bellavista,
16/04/25,08:00,Manual,Entrada,14,Gabriel Marquez,
16/04/25,17:00,Manual,Salida,14,Gabriel Marquez,
17/04/25,08:00,Local,Entrada,10,Azucena Picaflor,
17/04/25,17:00,Local,Salida,10,Azucena Picaflor,
17/04/25,08:00,Local,Entrada,12,Cachito Bellavista,
17/04/25,17:00,Local,Salida,12,Cachito Bellavista,
17/04/25,08:00,Local,Entrada,14,Gabriel Marquez,
17/04/25,17:00,Local,Salida,14,Gabriel Marquez,
18/04/25,08:00,Manual,Entrada,10,Azucena Picaflor,
18/04/25,17:00,Manual,Salida,10,Azucena Picaflor,
18/04/25,08:00,Manual,Entrada,12,Cachito Bellavista,
18/04/25,17:00,Manual,Salida,12,Cachito Bellavista,
18/04/25,08:00,Manual,Entrada,14,Gabriel Marquez,
18/04/25,17:00,Manual,Salida,14,Gabriel Marquez,
21/04/25,08:00,Local,Entrada,10,Azucena Picaflor,
21/04/25,17:00,Local,Salida,10,Azucena Picaflor,
21/04/25,08:00,Local,Entrada,12,Cachito Bellavista,
21/04/25,17:00,Local,Salida,12,Cachito Bellavista,
21/04/25,08:00,Local,Entrada,14,Gabriel Marquez,
21/04/25,17:00,Local,Salida,14,Gabriel Marquez,
22/04/25,08:00,Manual,Entrada,10,Azucena Picaflor,
22/04/25,17:00,Manual,Salida,10,Azucena Picaflor,
22/04/25,08:00,Manual,Entrada,12,Cachito Bellavista,
22/04/25,17:00,Manual,Salida,12,Cachito Bellavista,
22/04/25,08:00,Manual,Entrada,14,Gabriel Marquez,
22/04/25,17:00,Manual,Salida,14,Gabriel Marquez,
23/04/25,08:00,Local,Entrada,10,Azucena Picaflor,
23/04/25,17:00,Local,Salida,10,Azucena Picaflor,
23/04/25,08:00,Local,Entrada,12,Cachito Bellavista,
23/04/25,17:00,Local,Salida,12,Cachito Bellavista,
23/04/25,08:00,Local,Entrada,14,Gabriel Marquez,
23/04/25,17:00,Local,Salida,14,Gabriel Marquez,
24/04/25,08:00,Manual,Entrada,10,Azucena Picaflor,
24/04/25,17:00,Manual,Salida,10,Azucena Picaflor,
24/04/25,08:00,Manual,Entrada,12,Cachito Bellavista,
24/04/25,17:00,Manual,Salida,12,Cachito Bellavista,
24/04/25,08:00,Manual,Entrada,14,Gabriel Marquez,
24/04/25,17:00,Manual,Salida,14,Gabriel Marquez,
25/04/25,08:00,Local,Entrada,10,Azucena Picaflor,
25/04/25,17:00,Local,Salida,10,Azucena Picaflor,
25/04/25,08:00,Local,Entrada,12,Cachito Bellavista,
25/04/25,17:00,Local,Salida,12,Cachito Bellavista,
25/04/25,08:00,Local,Entrada,14,Gabriel Marquez,
25/04/25,17:00,Local,Salida,14,Gabriel Marquez,
28/04/25,08:00,Manual,Entrada,10,Azucena Picaflor,
28/04/25,17:00,Manual,Salida,10,Azucena Picaflor,
28/04/25,08:00,Manual,Entrada,12,Cachito Bellavista,
28/04/25,17:00,Manual,Salida,12,Cachito Bellavista,
28/04/25,08:00,Manual,Entrada,14,Gabriel Marquez,
28/04/25,17:00,Manual,Salida,14,Gabriel Marquez,
29/04/25,08:00,Local,Entrada,10,Azucena Picaflor,
29/04/25,17:00,Local,Salida,10,Azucena Picaflor,
29/04/25,08:00,Local,Entrada,12,Cachito Bellavista,
29/04/25,17:00,Local,Salida,12,Cachito Bellavista,
29/04/25,08:00,Local,Entrada,14,Gabriel Marquez,
29/04/25,17:00,Local,Salida,14,Gabriel Marquez,
30/04/25,08:00,Manual,Entrada,10,Azucena Picaflor,
30/04/25,17:00,Manual,Salida,10,Azucena Picaflor,
30/04/25,08:00,Manual,Entrada,12,Cachito Bellavista,
30/04/25,17:00,Manual,Salida,12,Cachito Bellavista,
30/04/25,08:00,Manual,Entrada,14,Gabriel Marquez,
30/04/25,17:00,Manual,Salida,14,Gabriel Marquez,
01/05/25,08:00,Local,Entrada,10,Azucena Picaflor,
01/05/25,17:00,Local,Salida,10,Azucena Picaflor,
01/05/25,08:00,Local,Entrada,12,Cachito Bellavista,
01/05/25,17:00,Local,Salida,12,Cachito Bellavista,
01/05/25,08:00,Local,Entrada,14,Gabriel Marquez,
01/05/25,17:00,Local,Salida,14,Gabriel Marquez,
02/05/25,08:00,Manual,Entrada,10,Azucena Picaflor,
02/05/25,17:00,Manual,Salida,10,Azucena Picaflor,
02/05/25,08:00,Manual,Entrada,12,Cachito Bellavista,
02/05/25,17:00,Manual,Salida,12,Cachito Bellavista,
02/05/25,08:00,Manual,Entrada,14,Gabriel Marquez,
02/05/25,17:00,Manual,Salida,14,Gabriel Marquez,
05/05/25,08:00,Local,Entrada,10,Azucena Picaflor,
05/05/25,17:00,Local,Salida,10,Azucena Picaflor,
05/05/25,08:00,Local,Entrada,12,Cachito Bellavista,
05/05/25,17:00,Local,Salida,12,Cachito Bellavista,
05/05/25,08:00,Local,Entrada,14,Gabriel Marquez,
05/05/25,17:00,Local,Salida,14,Gabriel Marquez,
06/05/25,08:00,Manual,Entrada,10,Azucena Picaflor,
06/05/25,17:00,Manual,Salida,10,Azucena Picaflor,
06/05/25,08:00,Manual,Entrada,12,Cachito Bellavista,
06/05/25,17:00,Manual,Salida,12,Cachito Bellavista,
06/05/25,08:00,Manual,Entrada,14,Gabriel Marquez,
06/05/25,17:00,Manual,Salida,14,Gabriel Marquez,
07/05/25,08:00,Local,Entrada,10,Azucena Picaflor,
07/05/25,17:00,Local,Salida,10,Azucena Picaflor,
07/05/25,08:00,Local,Entrada,12,Cachito Bellavista,
07/05/25,17:00,Local,Salida,12,Cachito Bellavista,
07/05/25,08:00,Local,Entrada,14,Gabriel Marquez,
07/05/25,17:00,Local,Salida,14,Gabriel Marquez,
08/05/25,08:00,Manual,Entrada,10,Azucena Picaflor,
08/05/25,17:00,Manual,Salida,10,Azucena Picaflor,
08/05/25,08:00,Manual,Entrada,12,Cachito Bellavista,
08/05/25,17:00,Manual,Salida,12,Cachito Bellavista,
08/05/25,08:00,Manual,Entrada,14,Gabriel Marquez,
08/05/25,17:00,Manual,Salida,14,Gabriel Marquez,
09/05/25,08:00,Local,Entrada,10,Azucena Picaflor,
09/05/25,17:00,Local,Salida,10,Azucena Picaflor,
09/05/25,08:00,Local,Entrada,12,Cachito Bellavista,
09/05/25,17:00,Local,Salida,12,Cachito Bellavista,
09/05/25,08:00,Local,Entrada,14,Gabriel Marquez,
09/05/25,17:00,Local,Salida,14,Gabriel Marquez,
12/05/25,08:00,Manual,Entrada,10,Azucena Picaflor,
12/05/25,17:00,Manual,Salida,10,Azucena Picaflor,
12/05/25,08:00,Manual,Entrada,12,Cachito Bellavista,
12/05/25,17:00,Manual,Salida,12,Cachito Bellavista,
12/05/25,08:00,Manual,Entrada,14,Gabriel Marquez,
12/05/25,17:00,Manual,Salida,14,Gabriel Marquez,
13/05/25,08:00,Local,Entrada,10,Azucena Picaflor,
13/05/25,17:00,Local,Salida,10,Azucena Picaflor,
13/05/25,08:00,Local,Entrada,12,Cachito Bellavista,
13/05/25,17:00,Local,Salida,12,Cachito Bellavista,
13/05/25,08:00,Local,Entrada,14,Gabriel Marquez,
13/05/25,17:00,Local,Salida,14,Gabriel Marquez,
14/05/25,08:00,Manual,Entrada,10,Azucena Picaflor,
14/05/25,17:00,Manual,Salida,10,Azucena Picaflor,
14/05/25,08:00,Manual,Entrada,12,Cachito Bellavista,
14/05/25,17:00,Manual,Salida,12,Cachito Bellavista,
14/05/25,08:00,Manual,Entrada,14,Gabriel Marquez,
14/05/25,17:00,Manual,Salida,14,Gabriel Marquez,
15/05/25,08:00,Local,Entrada,10,Azucena Picaflor,
15/05/25,17:00,Local,Salida,10,Azucena Picaflor,
15/05/25,08:00,Local,Entrada,12,Cachito Bellavista,
15/05/25,17:00,Local,Salida,12,Cachito Bellavista,
15/05/25,08:00,Local,Entrada,14,Gabriel Marquez,
15/05/25,17:00,Local,Salida,14,Gabriel Marquez,
16/05/25,08:00,Manual,Entrada,10,Azucena Picaflor,
16/05/25,17:00,Manual,Salida,10,Azucena Picaflor,
16/05/25,08:00,Manual,Entrada,12,Cachito Bellavista,
16/05/25,17:00,Manual,Salida,12,Cachito Bellavista,
16/05/25,08:00,Manual,Entrada,14,Gabriel Marquez,
16/05/25,17:00,Manual,Salida,14,Gabriel Marquez,
19/05/25,08:00,Local,Entrada,10,Azucena Picaflor,
19/05/25,17:00,Local,Salida,10,Azucena Picaflor,
19/05/25,08:00,Local,Entrada,12,Cachito Bellavista,
19/05/25,17:00,Local,Salida,12,Cachito Bellavista,
19/05/25,08:00,Local,Entrada,14,Gabriel Marquez,
19/05/25,17:00,Local,Salida,14,Gabriel Marquez,
20/05/25,08:00,Manual,Entrada,10,Azucena Picaflor,
20/05/25,17:00,Manual,Salida,10,Azucena Picaflor,
20/05/25,08:00,Manual,Entrada,12,Cachito Bellavista,
20/05/25,17:00,Manual,Salida,12,Cachito Bellavista,
20/05/25,08:00,Manual,Entrada,14,Gabriel Marquez,
20/05/25,17:00,Manual,Salida,14,Gabriel Marquez,
21/05/25,08:00,Local,Entrada,10,Azucena Picaflor,
21/05/25,17:00,Local,Salida,10,Azucena Picaflor,
21/05/25,08:00,Local,Entrada,12,Cachito Bellavista,
21/05/25,17:00,Local,Salida,12,Cachito Bellavista,
21/05/25,08:00,Local,Entrada,14,Gabriel Marquez,
21/05/25,17:00,Local,Salida,14,Gabriel Marquez,
22/05/25,08:00,Manual,Entrada,10,Azucena Picaflor,
22/05/25,17:00,Manual,Salida,10,Azucena Picaflor,
22/05/25,08:00,Manual,Entrada,12,Cachito Bellavista,
22/05/25,17:00,Manual,Salida,12,Cachito Bellavista,
22/05/25,08:00,Manual,Entrada,14,Gabriel Marquez,
22/05/25,17:00,Manual,Salida,14,Gabriel Marquez,
23/05/25,08:00,Local,Entrada,10,Azucena Picaflor,
23/05/25,17:00,Local,Salida,10,Azucena Picaflor,
23/05/25,08:00,Local,Entrada,12,Cachito Bellavista,
23/05/25,17:00,Local,Salida,12,Cachito Bellavista,
23/05/25,08:00,Local,Entrada,14,Gabriel Marquez,
23/05/25,17:00,Local,Salida,14,Gabriel Marquez,
26/05/25,08:00,Manual,Entrada,10,Azucena Picaflor,
26/05/25,17:00,Manual,Salida,10,Azucena Picaflor,
26/05/25,08:00,Manual,Entrada,12,Cachito Bellavista,
26/05/25,17:00,Manual,Salida,12,Cachito Bellavista,
26/05/25,08:00,Manual,Entrada,14,Gabriel Marquez,
26/05/25,17:00,Manual,Salida,14,Gabriel Marquez,
27/05/25,08:00,Local,Entrada,10,Azucena Picaflor,
27/05/25,17:00,Local,Salida,10,Azucena Picaflor,
27/05/25,08:00,Local,Entrada,12,Cachito Bellavista,
27/05/25,17:00,Local,Salida,12,Cachito Bellavista,
27/05/25,08:00,Local,Entrada,14,Gabriel Marquez,
27/05/25,17:00,Local,Salida,14,Gabriel Marquez,
28/05/25,08:00,Manual,Entrada,10,Azucena Picaflor,
28/05/25,17:00,Manual,Salida,10,Azucena Picaflor,
28/05/25,08:00,Manual,Entrada,12,Cachito Bellavista,
28/05/25,17:00,Manual,Salida,12,Cachito Bellavista,
28/05/25,08:00,Manual,Entrada,14,Gabriel Marquez,
28/05/25,17:00,Manual,Salida,14,Gabriel Marquez,
29/05/25,08:00,Local,Entrada,10,Azucena Picaflor,
29/05/25,17:00,Local,Salida,10,Azucena Picaflor,
29/05/25,08:00,Local,Entrada,12,Cachito Bellavista,
29/05/25,17:00,Local,Salida,12,Cachito Bellavista,
29/05/25,08:00,Local,Entrada,14,Gabriel Marquez,
29/05/25,17:00,Local,Salida,14,Gabriel Marquez,
30/05/25,08:00,Manual,Entrada,10,Azucena Picaflor,
30/05/25,17:00,Manual,Salida,10,Azucena Picaflor,
30/05/25,08:00,Manual,Entrada,12,Cachito Bellavista,
30/05/25,17:00,Manual,Salida,12,Cachito Bellavista,
30/05/25,08:00,Manual,Entrada,14,Gabriel Marquez,
30/05/25,17:00,Manual,Salida,14,Gabriel Marquez,
02/06/25,08:00,Local,Entrada,10,Azucena Picaflor,
02/06/25,17:00,Local,Salida,10,Azucena Picaflor,
02/06/25,08:00,Local,Entrada,12,Cachito Bellavista,
02/06/25,17:00,Local,Salida,12,Cachito Bellavista,
02/06/25,08:00,Local,Entrada,14,Gabriel Marquez,
02/06/25,17:00,Local,Salida,14,Gabriel Marquez,
03/06/25,08:00,Manual,Entrada,10,Azucena Picaflor,
03/06/25,17:00,Manual,Salida,10,Azucena Picaflor,
03/06/25,08:00,Manual,Entrada,12,Cachito Bellavista,
03/06/25,17:00,Manual,Salida,12,Cachito Bellavista,
03/06/25,08:00,Manual,Entrada,14,Gabriel Marquez,
03/06/25,17:00,Manual,Salida,14,Gabriel Marquez,
04/06/25,08:00,Local,Entrada,10,Azucena Picaflor,
04/06/25,17:00,Local,Salida,10,Azucena Picaflor,
04/06/25,08:00,Local,Entrada,12,Cachito Bellavista,
04/06/25,17:00,Local,Salida,12,Cachito Bellavista,
04/06/25,08:00,Local,Entrada,14,Gabriel Marquez,
04/06/25,17:00,Local,Salida,14,Gabriel Marquez,
05/06/25,08:00,Manual,Entrada,10,Azucena Picaflor,
05/06/25,17:00,Manual,Salida,10,Azucena Picaflor,
05/06/25,08:00,Manual,Entrada,12,Cachito Bellavista,
05/06/25,17:00,Manual,Salida,12,Cachito Bellavista,
05/06/25,08:00,Manual,Entrada,14,Gabriel Marquez,
05/06/25,17:00,Manual,Salida,14,Gabriel Marquez,
06/06/25,08:00,Local,Entrada,10,Azucena Picaflor,
06/06/25,17:00,Local,Salida,10,Azucena Picaflor,
06/06/25,08:00,Local,Entrada,12,Cachito Bellavista,
06/06/25,17:00,Local,Salida,12,Cachito Bellavista,
06/06/25,08:00,Local,Entrada,14,Gabriel Marquez,
06/06/25,17:00,Local,Salida,14,Gabriel Marquez,
09/06/25,08:00,Manual,Entrada,10,Azucena Picaflor,
09/06/25,17:00,Manual,Salida,10,Azucena Picaflor,
09/06/25,08:00,Manual,Entrada,12,Cachito Bellavista,
09/06/25,17:00,Manual,Salida,12,Cachito Bellavista,
09/06/25,08:00,Manual,Entrada,14,Gabriel Marquez,
09/06/25,17:00,Manual,Salida,14,Gabriel Marquez,
10/06/25,08:00,Local,Entrada,10,Azucena Picaflor,
10/06/25,17:00,Local,Salida,10,Azucena Picaflor,
10/06/25,08:00,Local,Entrada,12,Cachito Bellavista,
10/06/25,17:00,Local,Salida,12,Cachito Bellavista,
10/06/25,08:00,Local,Entrada,14,Gabriel Marquez,
10/06/25,17:00,Local,Salida,14,Gabriel Marquez,
11/06/25,08:00,Manual,Entrada,10,Azucena Picaflor,
11/06/25,17:00,Manual,Salida,10,Azucena Picaflor,
11/06/25,08:00,Manual,Entrada,12,Cachito Bellavista,
11/06/25,17:00,Manual,Salida,12,Cachito Bellavista,
11/06/25,08:00,Manual,Entrada,14,Gabriel Marquez,
11/06/25,17:00,Manual,Salida,14,Gabriel Marquez,
12/06/25,08:00,Local,Entrada,10,Azucena Picaflor,
12/06/25,17:00,Local,Salida,10,Azucena Picaflor,
12/06/25,08:00,Local,Entrada,12,Cachito Bellavista,
12/06/25,17:00,Local,Salida,12,Cachito Bellavista,
12/06/25,08:00,Local,Entrada,14,Gabriel Marquez,
12/06/25,17:00,Local,Salida,14,Gabriel Marquez,
13/06/25,08:00,Manual,Entrada,10,Azucena Picaflor,
13/06/25,17:00,Manual,Salida,10,Azucena Picaflor,
13/06/25,08:00,Manual,Entrada,12,Cachito Bellavista,
13/06/25,17:00,Manual,Salida,12,Cachito Bellavista,
13/06/25,08:00,Manual,Entrada,14,Gabriel Marquez,
13/06/25,17:00,Manual,Salida,14,Gabriel Marquez,
16/06/25,08:00,Local,Entrada,10,Azucena Picaflor,
16/06/25,17:00,Local,Salida,10,Azucena Picaflor,
16/06/25,08:00,Local,Entrada,12,Cachito Bellavista,
16/06/25,17:00,Local,Salida,12,Cachito Bellavista,
16/06/25,08:00,Local,Entrada,14,Gabriel Marquez,
16/06/25,17:00,Local,Salida,14,Gabriel Marquez,
17/06/25,08:00,Manual,Entrada,10,Azucena Picaflor,
17/06/25,17:00,Manual,Salida,10,Azucena Picaflor,
17/06/25,08:00,Manual,Entrada,12,Cachito Bellavista,
17/06/25,17:00,Manual,Salida,12,Cachito Bellavista,
17/06/25,08:00,Manual,Entrada,14,Gabriel Marquez,
17/06/25,17:00,Manual,Salida,14,Gabriel Marquez,
18/06/25,08:00,Local,Entrada,10,Azucena Picaflor,
18/06/25,17:00,Local,Salida,10,Azucena Picaflor,
18/06/25,08:00,Local,Entrada,12,Cachito Bellavista,
18/06/25,17:00,Local,Salida,12,Cachito Bellavista,
18/06/25,08:00,Local,Entrada,14,Gabriel Marquez,
18/06/25,17:00,Local,Salida,14,Gabriel Marquez,
19/06/25,08:00,Manual,Entrada,10,Azucena Picaflor,
19/06/25,17:00,Manual,Salida,10,Azucena Picaflor,
19/06/25,08:00,Manual,Entrada,12,Cachito Bellavista,
19/06/25,17:00,Manual,Salida,12,Cachito Bellavista,
19/06/25,08:00,Manual,Entrada,14,Gabriel Marquez,
19/06/25,17:00,Manual,Salida,14,Gabriel Marquez,
20/06/25,08:00,Local,Entrada,10,Azucena Picaflor,
20/06/25,17:00,Local,Salida,10,Azucena Picaflor,
20/06/25,08:00,Local,Entrada,12,Cachito Bellavista,
20/06/25,17:00,Local,Salida,12,Cachito Bellavista,
20/06/25,08:00,Local,Entrada,14,Gabriel Marquez,
20/06/25,17:00,Local,Salida,14,Gabriel Marquez,
23/06/25,08:00,Manual,Entrada,10,Azucena Picaflor,
23/06/25,17:00,Manual,Salida,10,Azucena Picaflor,
23/06/25,08:00,Manual,Entrada,12,Cachito Bellavista,
23/06/25,17:00,Manual,Salida,12,Cachito Bellavista,
23/06/25,08:00,Manual,Entrada,14,Gabriel Marquez,
23/06/25,17:00,Manual,Salida,14,Gabriel Marquez,
24/06/25,08:00,Local,Entrada,10,Azucena Picaflor,
24/06/25,17:00,Local,Salida,10,Azucena Picaflor,
24/06/25,08:00,Local,Entrada,12,Cachito Bellavista,
24/06/25,17:00,Local,Salida,12,Cachito Bellavista,
24/06/25,08:00,Local,Entrada,14,Gabriel Marquez,
24/06/25,17:00,Local,Salida,14,Gabriel Marquez,
25/06/25,08:00,Manual,Entrada,10,Azucena Picaflor,
25/06/25,17:00,Manual,Salida,10,Azucena Picaflor,
25/06/25,08:00,Manual,Entrada,12,Cachito Bellavista,
25/06/25,17:00,Manual,Salida,12,Cachito Bellavista,
25/06/25,08:00,Manual,Entrada,14,Gabriel Marquez,
25/06/25,17:00,Manual,Salida,14,Gabriel Marquez,
26/06/25,08:00,Local,Entrada,10,Azucena Picaflor,
26/06/25,17:00,Local,Salida,10,Azucena Picaflor,
26/06/25,08:00,Local,Entrada,12,Cachito Bellavista,
26/06/25,17:00,Local,Salida,12,Cachito Bellavista,
26/06/25,08:00,Local,Entrada,14,Gabriel Marquez,
26/06/25,17:00,Local,Salida,14,Gabriel Marquez,
27/06/25,08:00,Manual,Entrada,10,Azucena Picaflor,
27/06/25,17:00,Manual,Salida,10,Azucena Picaflor,
27/06/25,08:00,Manual,Entrada,12,Cachito Bellavista,
27/06/25,17:00,Manual,Salida,12,Cachito Bellavista,
27/06/25,08:00,Manual,Entrada,14,Gabriel Marquez,
27/06/25,17:00,Manual,Salida,14,Gabriel Marquez,
30/06/25,08:00,Local,Entrada,10,Azucena Picaflor,
30/06/25,17:00,Local,Salida,10,Azucena Picaflor,
30/06/25,08:00,Local,Entrada,12,Cachito Bellavista,
30/06/25,17:00,Local,Salida,12,Cachito Bellavista,
30/06/25,08:00,Local,Entrada,14,Gabriel Marquez,
30/06/25,17:00,Local,Salida,14,Gabriel Marquez,
01/07/25,08:00,Manual,Entrada,10,Azucena Picaflor,
01/07/25,17:00,Manual,Salida,10,Azucena Picaflor,
01/07/25,08:00,Manual,Entrada,12,Cachito Bellavista,
01/07/25,17:00,Manual,Salida,12,Cachito Bellavista,
01/07/25,08:00,Manual,Entrada,14,Gabriel Marquez,
01/07/25,17:00,Manual,Salida,14,Gabriel Marquez,
02/07/25,08:00,Local,Entrada,10,Azucena Picaflor,
02/07/25,17:00,Local,Salida,10,Azucena Picaflor,
02/07/25,08:00,Local,Entrada,12,Cachito Bellavista,
02/07/25,17:00,Local,Salida,12,Cachito Bellavista,
02/07/25,08:00,Local,Entrada,14,Gabriel Marquez,
02/07/25,17:00,Local,Salida,14,Gabriel Marquez,
03/07/25,08:00,Manual,Entrada,10,Azucena Picaflor,
03/07/25,17:00,Manual,Salida,10,Azucena Picaflor,
03/07/25,08:00,Manual,Entrada,12,Cachito Bellavista,
03/07/25,17:00,Manual,Salida,12,Cachito Bellavista,
03/07/25,08:00,Manual,Entrada,14,Gabriel Marquez,
03/07/25,17:00,Manual,Salida,14,Gabriel Marquez,
04/07/25,08:00,Local,Entrada,10,Azucena Picaflor,
04/07/25,17:00,Local,Salida,10,Azucena Picaflor,
04/07/25,08:00,Local,Entrada,12,Cachito Bellavista,
04/07/25,17:00,Local,Salida,12,Cachito Bellavista,
04/07/25,08:00,Local,Entrada,14,Gabriel Marquez,
04/07/25,17:00,Local,Salida,14,Gabriel Marquez,
07/07/25,08:00,Manual,Entrada,10,Azucena Picaflor,
07/07/25,17:00,Manual,Salida,10,Azucena Picaflor,
07/07/25,08:00,Manual,Entrada,12,Cachito Bellavista,
07/07/25,17:00,Manual,Salida,12,Cachito Bellavista,
07/07/25,08:00,Manual,Entrada,14,Gabriel Marquez,
07/07/25,17:00,Manual,Salida,14,Gabriel Marquez,
08/07/25,08:00,Local,Entrada,10,Azucena Picaflor,
08/07/25,17:00,Local,Salida,10,Azucena Picaflor,
08/07/25,08:00,Local,Entrada,12,Cachito Bellavista,
08/07/25,17:00,Local,Salida,12,Cachito Bellavista,
08/07/25,08:00,Local,Entrada,14,Gabriel Marquez,
08/07/25,17:00,Local,Salida,14,Gabriel Marquez,
09/07/25,08:00,Manual,Entrada,10,Azucena Picaflor,
09/07/25,17:00,Manual,Salida,10,Azucena Picaflor,
09/07/25,08:00,Manual,Entrada,12,Cachito Bellavista,
09/07/25,17:00,Manual,Salida,12,Cachito Bellavista,
09/07/25,08:00,Manual,Entrada,14,Gabriel Marquez,
09/07/25,17:00,Manual,Salida,14,Gabriel Marquez,
10/07/25,08:00,Local,Entrada,10,Azucena Picaflor,
10/07/25,17:00,Local,Salida,10,Azucena Picaflor,
10/07/25,08:00,Local,Entrada,12,Cachito Bellavista,
10/07/25,17:00,Local,Salida,12,Cachito Bellavista,
10/07/25,08:00,Local,Entrada,14,Gabriel Marquez,
10/07/25,17:00,Local,Salida,14,Gabriel Marquez,
11/07/25,08:00,Manual,Entrada,10,Azucena Picaflor,
11/07/25,17:00,Manual,Salida,10,Azucena Picaflor,
11/07/25,08:00,Manual,Entrada,12,Cachito Bellavista,
11/07/25,17:00,Manual,Salida,12,Cachito Bellavista,
11/07/25,08:00,Manual,Entrada,14,Gabriel Marquez,
11/07/25,17:00,Manual,Salida,14,Gabriel Marquez,
14/07/25,08:00,Local,Entrada,10,Azucena Picaflor,
14/07/25,17:00,Local,Salida,10,Azucena Picaflor,
14/07/25,08:00,Local,Entrada,12,Cachito Bellavista,
14/07/25,17:00,Local,Salida,12,Cachito Bellavista,
14/07/25,08:00,Local,Entrada,14,Gabriel Marquez,
14/07/25,17:00,Local,Salida,14,Gabriel Marquez,
15/07/25,08:00,Manual,Entrada,10,Azucena Picaflor,
15/07/25,17:00,Manual,Salida,10,Azucena Picaflor,
15/07/25,08:00,Manual,Entrada,12,Cachito Bellavista,
15/07/25,17:00,Manual,Salida,12,Cachito Bellavista,
15/07/25,08:00,Manual,Entrada,14,Gabriel Marquez,
15/07/25,17:00,Manual,Salida,14,Gabriel Marquez,
16/07/25,08:00,Local,Entrada,10,Azucena Picaflor,
16/07/25,17:00,Local,Salida,10,Azucena Picaflor,
16/07/25,08:00,Local,Entrada,12,Cachito Bellavista,
16/07/25,17:00,Local,Salida,12,Cachito Bellavista,
16/07/25,08:00,Local,Entrada,14,Gabriel Marquez,
16/07/25,17:00,Local,Salida,14,Gabriel Marquez,
17/07/25,08:00,Manual,Entrada,10,Azucena Picaflor,
17/07/25,17:00,Manual,Salida,10,Azucena Picaflor,
17/07/25,08:00,Manual,Entrada,12,Cachito Bellavista,
17/07/25,17:00,Manual,Salida,12,Cachito Bellavista,
17/07/25,08:00,Manual,Entrada,14,Gabriel Marquez,
17/07/25,17:00,Manual,Salida,14,Gabriel Marquez,
18/07/25,08:00,Local,Entrada,10,Azucena Picaflor,
18/07/25,17:00,Local,Salida,10,Azucena Picaflor,
18/07/25,08:00,Local,Entrada,12,Cachito Bellavista,
18/07/25,17:00,Local,Salida,12,Cachito Bellavista,
18/07/25,08:00,Local,Entrada,14,Gabriel Marquez,
18/07/25,17:00,Local,Salida,14,Gabriel Marquez,
21/07/25,08:00,Manual,Entrada,10,Azucena Picaflor,
21/07/25,17:00,Manual,Salida,10,Azucena Picaflor,
21/07/25,08:00,Manual,Entrada,12,Cachito Bellavista,
21/07/25,17:00,Manual,Salida,12,Cachito Bellavista,
21/07/25,08:00,Manual,Entrada,14,Gabriel Marquez,
21/07/25,17:00,Manual,Salida,14,Gabriel Marquez,
22/07/25,08:00,Local,Entrada,10,Azucena Picaflor,
22/07/25,17:00,Local,Salida,10,Azucena Picaflor,
22/07/25,08:00,Local,Entrada,12,Cachito Bellavista,
22/07/25,17:00,Local,Salida,12,Cachito Bellavista,
22/07/25,08:00,Local,Entrada,14,Gabriel Marquez,
22/07/25,17:00,Local,Salida,14,Gabriel Marquez,
23/07/25,08:00,Manual,Entrada,10,Azucena Picaflor,
23/07/25,17:00,Manual,Salida,10,Azucena Picaflor,
23/07/25,08:00,Manual,Entrada,12,Cachito Bellavista,
23/07/25,17:00,Manual,Salida,12,Cachito Bellavista,
23/07/25,08:00,Manual,Entrada,14,Gabriel Marquez,
23/07/25,17:00,Manual,Salida,14,Gabriel Marquez,
24/07/25,08:00,Local,Entrada,10,Azucena Picaflor,
24/07/25,17:00,Local,Salida,10,Azucena Picaflor,
24/07/25,08:00,Local,Entrada,12,Cachito Bellavista,
24/07/25,17:00,Local,Salida,12,Cachito Bellavista,
24/07/25,08:00,Local,Entrada,14,Gabriel Marquez,
24/07/25,17:00,Local,Salida,14,Gabriel Marquez,
25/07/25,08:00,Manual,Entrada,10,Azucena Picaflor,
25/07/25,17:00,Manual,Salida,10,Azucena Picaflor,
25/07/25,08:00,Manual,Entrada,12,Cachito Bellavista,
25/07/25,17:00,Manual,Salida,12,Cachito Bellavista,
25/07/25,08:00,Manual,Entrada,14,Gabriel Marquez,
25/07/25,17:00,Manual,Salida,14,Gabriel Marquez,
28/07/25,08:00,Local,Entrada,10,Azucena Picaflor,
28/07/25,17:00,Local,Salida,10,Azucena Picaflor,
28/07/25,08:00,Local,Entrada,12,Cachito Bellavista,
28/07/25,17:00,Local,Salida,12,Cachito Bellavista,
28/07/25,08:00,Local,Entrada,14,Gabriel Marquez,
28/07/25,17:00,Local,Salida,14,Gabriel Marquez,
29/07/25,08:00,Manual,Entrada,10,Azucena Picaflor,
29/07/25,17:00,Manual,Salida,10,Azucena Picaflor,
29/07/25,08:00,Manual,Entrada,12,Cachito Bellavista,
29/07/25,17:00,Manual,Salida,12,Cachito Bellavista,
29/07/25,08:00,Manual,Entrada,14,Gabriel Marquez,
29/07/25,17:00,Manual,Salida,14,Gabriel Marquez,
30/07/25,08:00,Local,Entrada,10,Azucena Picaflor,
30/07/25,17:00,Local,Salida,10,Azucena Picaflor,
30/07/25,08:00,Local,Entrada,12,Cachito Bellavista,
30/07/25,17:00,Local,Salida,12,Cachito Bellavista,
30/07/25,08:00,Local,Entrada,14,Gabriel Marquez,
30/07/25,17:00,Local,Salida,14,Gabriel Marquez,
31/07/25,08:00,Manual,Entrada,10,Azucena Picaflor,
31/07/25,17:00,Manual,Salida,10,Azucena Picaflor,
31/07/25,08:00,Manual,Entrada,12,Cachito Bellavista,
31/07/25,17:00,Manual,Salida,12,Cachito Bellavista,
31/07/25,08:00,Manual,Entrada,14,Gabriel Marquez,
31/07/25,17:00,Manual,Salida,14,Gabriel Marquez,
01/08/25,08:00,Local,Entrada,10,Azucena Picaflor,
01/08/25,17:00,Local,Salida,10,Azucena Picaflor,
01/08/25,08:00,Local,Entrada,12,Cachito Bellavista,
01/08/25,17:00,Local,Salida,12,Cachito Bellavista,
01/08/25,08:00,Local,Entrada,14,Gabriel Marquez,
01/08/25,17:00,Local,Salida,14,Gabriel Marquez,
04/08/25,08:00,Manual,Entrada,10,Azucena Picaflor,
04/08/25,17:00,Manual,Salida,10,Azucena Picaflor,
04/08/25,08:00,Manual,Entrada,12,Cachito Bellavista,
04/08/25,17:00,Manual,Salida,12,Cachito Bellavista,
04/08/25,08:00,Manual,Entrada,14,Gabriel Marquez,
04/08/25,17:00,Manual,Salida,14,Gabriel Marquez,
05/08/25,08:00,Local,Entrada,10,Azucena Picaflor,
05/08/25,17:00,Local,Salida,10,Azucena Picaflor,
05/08/25,08:00,Local,Entrada,12,Cachito Bellavista,
05/08/25,17:00,Local,Salida,12,Cachito Bellavista,
05/08/25,08:00,Local,Entrada,14,Gabriel Marquez,
05/08/25,17:00,Local,Salida,14,Gabriel Marquez,
06/08/25,08:00,Manual,Entrada,10,Azucena Picaflor,
06/08/25,17:00,Manual,Salida,10,Azucena Picaflor,
06/08/25,08:00,Manual,Entrada,12,Cachito Bellavista,
06/08/25,17:00,Manual,Salida,12,Cachito Bellavista,
06/08/25,08:00,Manual,Entrada,14,Gabriel Marquez,
06/08/25,17:00,Manual,Salida,14,Gabriel Marquez,
07/08/25,08:00,Local,Entrada,10,Azucena Picaflor,
07/08/25,17:00,Local,Salida,10,Azucena Picaflor,
07/08/25,08:00,Local,Entrada,12,Cachito Bellavista,
07/08/25,17:00,Local,Salida,12,Cachito Bellavista,
07/08/25,08:00,Local,Entrada,14,Gabriel Marquez,
07/08/25,17:00,Local,Salida,14,Gabriel Marquez,
08/08/25,08:00,Manual,Entrada,10,Azucena Picaflor,
08/08/25,17:00,Manual,Salida,10,Azucena Picaflor,
08/08/25,08:00,Manual,Entrada,12,Cachito Bellavista,
08/08/25,17:00,Manual,Salida,12,Cachito Bellavista,
08/08/25,08:00,Manual,Entrada,14,Gabriel Marquez,
08/08/25,17:00,Manual,Salida,14,Gabriel Marquez,
11/08/25,08:00,Local,Entrada,10,Azucena Picaflor,
11/08/25,17:00,Local,Salida,10,Azucena Picaflor,
11/08/25,08:00,Local,Entrada,12,Cachito Bellavista,
11/08/25,17:00,Local,Salida,12,Cachito Bellavista,
11/08/25,08:00,Local,Entrada,14,Gabriel Marquez,
11/08/25,17:00,Local,Salida,14,Gabriel Marquez,
12/08/25,08:00,Manual,Entrada,10,Azucena Picaflor,
12/08/25,17:00,Manual,Salida,10,Azucena Picaflor,
12/08/25,08:00,Manual,Entrada,12,Cachito Bellavista,
12/08/25,17:00,Manual,Salida,12,Cachito Bellavista,
12/08/25,08:00,Manual,Entrada,14,Gabriel Marquez,
12/08/25,17:00,Manual,Salida,14,Gabriel Marquez,
13/08/25,08:00,Local,Entrada,10,Azucena Picaflor,
13/08/25,17:00,Local,Salida,10,Azucena Picaflor,
13/08/25,08:00,Local,Entrada,12,Cachito Bellavista,
13/08/25,17:00,Local,Salida,12,Cachito Bellavista,
13/08/25,08:00,Local,Entrada,14,Gabriel Marquez,
13/08/25,17:00,Local,Salida,14,Gabriel Marquez,
14/08/25,08:00,Manual,Entrada,10,Azucena Picaflor,
14/08/25,17:00,Manual,Salida,10,Azucena Picaflor,
14/08/25,08:00,Manual,Entrada,12,Cachito Bellavista,
14/08/25,17:00,Manual,Salida,12,Cachito Bellavista,
14/08/25,08:00,Manual,Entrada,14,Gabriel Marquez,
14/08/25,17:00,Manual,Salida,14,Gabriel Marquez,
15/08/25,08:00,Local,Entrada,10,Azucena Picaflor,
15/08/25,17:00,Local,Salida,10,Azucena Picaflor,
15/08/25,08:00,Local,Entrada,12,Cachito Bellavista,
15/08/25,17:00,Local,Salida,12,Cachito Bellavista,
15/08/25,08:00,Local,Entrada,14,Gabriel Marquez,
15/08/25,17:00,Local,Salida,14,Gabriel Marquez,
18/08/25,08:00,Manual,Entrada,10,Azucena Picaflor,
18/08/25,17:00,Manual,Salida,10,Azucena Picaflor,
18/08/25,08:00,Manual,Entrada,12,Cachito Bellavista,
18/08/25,17:00,Manual,Salida,12,Cachito Bellavista,
18/08/25,08:00,Manual,Entrada,14,Gabriel Marquez,
18/08/25,17:00,Manual,Salida,14,Gabriel Marquez,
19/08/25,08:00,Local,Entrada,10,Azucena Picaflor,
19/08/25,17:00,Local,Salida,10,Azucena Picaflor,
19/08/25,08:00,Local,Entrada,12,Cachito Bellavista,
19/08/25,17:00,Local,Salida,12,Cachito Bellavista,
19/08/25,08:00,Local,Entrada,14,Gabriel Marquez,
19/08/25,17:00,Local,Salida,14,Gabriel Marquez,
20/08/25,08:00,Manual,Entrada,10,Azucena Picaflor,
20/08/25,17:00,Manual,Salida,10,Azucena Picaflor,
20/08/25,08:00,Manual,Entrada,12,Cachito Bellavista,
20/08/25,17:00,Manual,Salida,12,Cachito Bellavista,
20/08/25,08:00,Manual,Entrada,14,Gabriel Marquez,
20/08/25,17:00,Manual,Salida,14,Gabriel Marquez,
21/08/25,08:00,Local,Entrada,10,Azucena Picaflor,
21/08/25,17:00,Local,Salida,10,Azucena Picaflor,
21/08/25,08:00,Local,Entrada,12,Cachito Bellavista,
21/08/25,17:00,Local,Salida,12,Cachito Bellavista,
21/08/25,08:00,Local,Entrada,14,Gabriel Marquez,
21/08/25,17:00,Local,Salida,14,Gabriel Marquez,
22/08/25,08:00,Manual,Entrada,10,Azucena Picaflor,
22/08/25,17:00,Manual,Salida,10,Azucena Picaflor,
22/08/25,08:00,Manual,Entrada,12,Cachito Bellavista,
22/08/25,17:00,Manual,Salida,12,Cachito Bellavista,
22/08/25,08:00,Manual,Entrada,14,Gabriel Marquez,
22/08/25,17:00,Manual,Salida,14,Gabriel Marquez,
25/08/25,08:00,Local,Entrada,10,Azucena Picaflor,
25/08/25,17:00,Local,Salida,10,Azucena Picaflor,
25/08/25,08:00,Local,Entrada,12,Cachito Bellavista,
25/08/25,17:00,Local,Salida,12,Cachito Bellavista,
25/08/25,08:00,Local,Entrada,14,Gabriel Marquez,
25/08/25,17:00,Local,Salida,14,Gabriel Marquez,
26/08/25,08:00,Manual,Entrada,10,Azucena Picaflor,
26/08/25,17:00,Manual,Salida,10,Azucena Picaflor,
26/08/25,08:00,Manual,Entrada,12,Cachito Bellavista,
26/08/25,17:00,Manual,Salida,12,Cachito Bellavista,
26/08/25,08:00,Manual,Entrada,14,Gabriel Marquez,
26/08/25,17:00,Manual,Salida,14,Gabriel Marquez,
27/08/25,08:00,Local,Entrada,10,Azucena Picaflor,
27/08/25,17:00,Local,Salida,10,Azucena Picaflor,
27/08/25,08:00,Local,Entrada,12,Cachito Bellavista,
27/08/25,17:00,Local,Salida,12,Cachito Bellavista,
27/08/25,08:00,Local,Entrada,14,Gabriel Marquez,
27/08/25,17:00,Local,Salida,14,Gabriel Marquez,
28/08/25,08:00,Manual,Entrada,10,Azucena Picaflor,
28/08/25,17:00,Manual,Salida,10,Azucena Picaflor,
28/08/25,08:00,Manual,Entrada,12,Cachito Bellavista,
28/08/25,17:00,Manual,Salida,12,Cachito Bellavista,
28/08/25,08:00,Manual,Entrada,14,Gabriel Marquez,
28/08/25,17:00,Manual,Salida,14,Gabriel Marquez,
29/08/25,08:00,Local,Entrada,10,Azucena Picaflor,
29/08/25,17:00,Local,Salida,10,Azucena Picaflor,
29/08/25,08:00,Local,Entrada,12,Cachito Bellavista,
29/08/25,17:00,Local,Salida,12,Cachito Bellavista,
29/08/25,08:00,Local,Entrada,14,Gabriel Marquez,
29/08/25,17:00,Local,Salida,14,Gabriel Marquez,
01/09/25,08:00,Manual,Entrada,10,Azucena Picaflor,
01/09/25,17:00,Manual,Salida,10,Azucena Picaflor,
01/09/25,08:00,Manual,Entrada,12,Cachito Bellavista,
01/09/25,17:00,Manual,Salida,12,Cachito Bellavista,
01/09/25,08:00,Manual,Entrada,14,Gabriel Marquez,
01/09/25,17:00,Manual,Salida,14,Gabriel Marquez,
02/09/25,08:00,Local,Entrada,10,Azucena Picaflor,
02/09/25,17:00,Local,Salida,10,Azucena Picaflor,
02/09/25,08:00,Local,Entrada,12,Cachito Bellavista,
02/09/25,17:00,Local,Salida,12,Cachito Bellavista,
02/09/25,08:00,Local,Entrada,14,Gabriel Marquez,
02/09/25,17:00,Local,Salida,14,Gabriel Marquez,
03/09/25,08:00,Manual,Entrada,10,Azucena Picaflor,
03/09/25,17:00,Manual,Salida,10,Azucena Picaflor,
03/09/25,08:00,Manual,Entrada,12,Cachito Bellavista,
03/09/25,17:00,Manual,Salida,12,Cachito Bellavista,
03/09/25,08:00,Manual,Entrada,14,Gabriel Marquez,
03/09/25,17:00,Manual,Salida,14,Gabriel Marquez,
04/09/25,08:00,Local,Entrada,10,Azucena Picaflor,
04/09/25,17:00,Local,Salida,10,Azucena Picaflor,
04/09/25,08:00,Local,Entrada,12,Cachito Bellavista,
04/09/25,17:00,Local,Salida,12,Cachito Bellavista,
04/09/25,08:00,Local,Entrada,14,Gabriel Marquez,
04/09/25,17:00,Local,Salida,14,Gabriel Marquez,
05/09/25,08:00,Manual,Entrada,10,Azucena Picaflor,
05/09/25,17:00,Manual,Salida,10,Azucena Picaflor,
05/09/25,08:00,Manual,Entrada,12,Cachito Bellavista,
05/09/25,17:00,Manual,Salida,12,Cachito Bellavista,
05/09/25,08:00,Manual,Entrada,14,Gabriel Marquez,
05/09/25,17:00,Manual,Salida,14,Gabriel Marquez,
08/09/25,08:00,Local,Entrada,10,Azucena Picaflor,
08/09/25,17:00,Local,Salida,10,Azucena Picaflor,
08/09/25,08:00,Local,Entrada,12,Cachito Bellavista,
08/09/25,17:00,Local,Salida,12,Cachito Bellavista,
08/09/25,08:00,Local,Entrada,14,Gabriel Marquez,
08/09/25,17:00,Local,Salida,14,Gabriel Marquez,
09/09/25,08:00,Manual,Entrada,10,Azucena Picaflor,
09/09/25,17:00,Manual,Salida,10,Azucena Picaflor,
09/09/25,08:00,Manual,Entrada,12,Cachito Bellavista,
09/09/25,17:00,Manual,Salida,12,Cachito Bellavista,
09/09/25,08:00,Manual,Entrada,14,Gabriel Marquez,
09/09/25,17:00,Manual,Salida,14,Gabriel Marquez,
10/09/25,08:00,Local,Entrada,10,Azucena Picaflor,
10/09/25,17:00,Local,Salida,10,Azucena Picaflor,
10/09/25,08:00,Local,Entrada,12,Cachito Bellavista,
10/09/25,17:00,Local,Salida,12,Cachito Bellavista,
10/09/25,08:00,Local,Entrada,14,Gabriel Marquez,
10/09/25,17:00,Local,Salida,14,Gabriel Marquez,
11/09/25,08:00,Manual,Entrada,10,Azucena Picaflor,
11/09/25,17:00,Manual,Salida,10,Azucena Picaflor,
11/09/25,08:00,Manual,Entrada,12,Cachito Bellavista,
11/09/25,17:00,Manual,Salida,12,Cachito Bellavista,
11/09/25,08:00,Manual,Entrada,14,Gabriel Marquez,
11/09/25,17:00,Manual,Salida,14,Gabriel Marquez,
12/09/25,08:00,Local,Entrada,10,Azucena Picaflor,
12/09/25,17:00,Local,Salida,10,Azucena Picaflor,
12/09/25,08:00,Local,Entrada,12,Cachito Bellavista,
12/09/25,17:00,Local,Salida,12,Cachito Bellavista,
12/09/25,08:00,Local,Entrada,14,Gabriel Marquez,
12/09/25,17:00,Local,Salida,14,Gabriel Marquez,
15/09/25,08:00,Manual,Entrada,10,Azucena Picaflor,
15/09/25,17:00,Manual,Salida,10,Azucena Picaflor,
15/09/25,08:00,Manual,Entrada,12,Cachito Bellavista,
15/09/25,17:00,Manual,Salida,12,Cachito Bellavista,
15/09/25,08:00,Manual,Entrada,14,Gabriel Marquez,
15/09/25,17:00,Manual,Salida,14,Gabriel Marquez,
16/09/25,08:00,Local,Entrada,10,Azucena Picaflor,
16/09/25,17:00,Local,Salida,10,Azucena Picaflor,
16/09/25,08:00,Local,Entrada,12,Cachito Bellavista,
16/09/25,17:00,Local,Salida,12,Cachito Bellavista,
16/09/25,08:00,Local,Entrada,14,Gabriel Marquez,
16/09/25,17:00,Local,Salida,14,Gabriel Marquez,
17/09/25,08:00,Manual,Entrada,10,Azucena Picaflor,
17/09/25,17:00,Manual,Salida,10,Azucena Picaflor,
17/09/25,08:00,Manual,Entrada,12,Cachito Bellavista,
17/09/25,17:00,Manual,Salida,12,Cachito Bellavista,
17/09/25,08:00,Manual,Entrada,14,Gabriel Marquez,
17/09/25,17:00,Manual,Salida,14,Gabriel Marquez,
18/09/25,08:00,Local,Entrada,10,Azucena Picaflor,
18/09/25,17:00,Local,Salida,10,Azucena Picaflor,
18/09/25,08:00,Local,Entrada,12,Cachito Bellavista,
18/09/25,17:00,Local,Salida,12,Cachito Bellavista,
18/09/25,08:00,Local,Entrada,14,Gabriel Marquez,
18/09/25,17:00,Local,Salida,14,Gabriel Marquez,
19/09/25,08:00,Manual,Entrada,10,Azucena Picaflor,
19/09/25,17:00,Manual,Salida,10,Azucena Picaflor,
19/09/25,08:00,Manual,Entrada,12,Cachito Bellavista,
19/09/25,17:00,Manual,Salida,12,Cachito Bellavista,
19/09/25,08:00,Manual,Entrada,14,Gabriel Marquez,
19/09/25,17:00,Manual,Salida,14,Gabriel Marquez,
22/09/25,08:00,Local,Entrada,10,Azucena Picaflor,
22/09/25,17:00,Local,Salida,10,Azucena Picaflor,
22/09/25,08:00,Local,Entrada,12,Cachito Bellavista,
22/09/25,17:00,Local,Salida,12,Cachito Bellavista,
22/09/25,08:00,Local,Entrada,14,Gabriel Marquez,
22/09/25,17:00,Local,Salida,14,Gabriel Marquez,
23/09/25,08:00,Manual,Entrada,10,Azucena Picaflor,
23/09/25,17:00,Manual,Salida,10,Azucena Picaflor,
23/09/25,08:00,Manual,Entrada,12,Cachito Bellavista,
23/09/25,17:00,Manual,Salida,12,Cachito Bellavista,
23/09/25,08:00,Manual,Entrada,14,Gabriel Marquez,
23/09/25,17:00,Manual,Salida,14,Gabriel Marquez,
24/09/25,08:00,Local,Entrada,10,Azucena Picaflor,
24/09/25,17:00,Local,Salida,10,Azucena Picaflor,
24/09/25,08:00,Local,Entrada,12,Cachito Bellavista,
24/09/25,17:00,Local,Salida,12,Cachito Bellavista,
24/09/25,08:00,Local,Entrada,14,Gabriel Marquez,
24/09/25,17:00,Local,Salida,14,Gabriel Marquez,
25/09/25,08:00,Manual,Entrada,10,Azucena Picaflor,
25/09/25,17:00,Manual,Salida,10,Azucena Picaflor,
25/09/25,08:00,Manual,Entrada,12,Cachito Bellavista,
25/09/25,17:00,Manual,Salida,12,Cachito Bellavista,
25/09/25,08:00,Manual,Entrada,14,Gabriel Marquez,
25/09/25,17:00,Manual,Salida,14,Gabriel Marquez,
26/09/25,08:00,Local,Entrada,10,Azucena Picaflor,
26/09/25,17:00,Local,Salida,10,Azucena Picaflor,
26/09/25,08:00,Local,Entrada,12,Cachito Bellavista,
26/09/25,17:00,Local,Salida,12,Cachito Bellavista,
26/09/25,08:00,Local,Entrada,14,Gabriel Marquez,
26/09/25,17:00,Local,Salida,14,Gabriel Marquez,
29/09/25,08:00,Manual,Entrada,10,Azucena Picaflor,
29/09/25,17:00,Manual,Salida,10,Azucena Picaflor,
29/09/25,08:00,Manual,Entrada,12,Cachito Bellavista,
29/09/25,17:00,Manual,Salida,12,Cachito Bellavista,
29/09/25,08:00,Manual,Entrada,14,Gabriel Marquez,
29/09/25,17:00,Manual,Salida,14,Gabriel Marquez,
30/09/25,08:00,Local,Entrada,10,Azucena Picaflor,
30/09/25,17:00,Local,Salida,10,Azucena Picaflor,
30/09/25,08:00,Local,Entrada,12,Cachito Bellavista,
30/09/25,17:00,Local,Salida,12,Cachito Bellavista,
30/09/25,08:00,Local,Entrada,14,Gabriel Marquez,
30/09/25,17:00,Local,Salida,14,Gabriel Marquez,
01/10/25,08:00,Manual,Entrada,10,Azucena Picaflor,
01/10/25,17:00,Manual,Salida,10,Azucena Picaflor,
01/10/25,08:00,Manual,Entrada,12,Cachito Bellavista,
01/10/25,17:00,Manual,Salida,12,Cachito Bellavista,
01/10/25,08:00,Manual,Entrada,14,Gabriel Marquez,
01/10/25,17:00,Manual,Salida,14,Gabriel Marquez,
02/10/25,08:00,Local,Entrada,10,Azucena Picaflor,
02/10/25,17:00,Local,Salida,10,Azucena Picaflor,
02/10/25,08:00,Local,Entrada,12,Cachito Bellavista,
02/10/25,17:00,Local,Salida,12,Cachito Bellavista,
02/10/25,08:00,Local,Entrada,14,Gabriel Marquez,
02/10/25,17:00,Local,Salida,14,Gabriel Marquez,
03/10/25,08:00,Manual,Entrada,10,Azucena Picaflor,
03/10/25,17:00,Manual,Salida,10,Azucena Picaflor,
03/10/25,08:00,Manual,Entrada,12,Cachito Bellavista,
03/10/25,17:00,Manual,Salida,12,Cachito Bellavista,
03/10/25,08:00,Manual,Entrada,14,Gabriel Marquez,
03/10/25,17:00,Manual,Salida,14,Gabriel Marquez,
06/10/25,08:00,Local,Entrada,10,Azucena Picaflor,
06/10/25,17:00,Local,Salida,10,Azucena Picaflor,
06/10/25,08:00,Local,Entrada,12,Cachito Bellavista,
06/10/25,17:00,Local,Salida,12,Cachito Bellavista,
06/10/25,08:00,Local,Entrada,14,Gabriel Marquez,
06/10/25,17:00,Local,Salida,14,Gabriel Marquez,
07/10/25,08:00,Manual,Entrada,10,Azucena Picaflor,
07/10/25,17:00,Manual,Salida,10,Azucena Picaflor,
07/10/25,08:00,Manual,Entrada,12,Cachito Bellavista,
07/10/25,17:00,Manual,Salida,12,Cachito Bellavista,
07/10/25,08:00,Manual,Entrada,14,Gabriel Marquez,
07/10/25,17:00,Manual,Salida,14,Gabriel Marquez,
08/10/25,08:00,Local,Entrada,10,Azucena Picaflor,
08/10/25,17:00,Local,Salida,10,Azucena Picaflor,
08/10/25,08:00,Local,Entrada,12,Cachito Bellavista,
08/10/25,17:00,Local,Salida,12,Cachito Bellavista,
08/10/25,08:00,Local,Entrada,14,Gabriel Marquez,
08/10/25,17:00,Local,Salida,14,Gabriel Marquez,
09/10/25,08:00,Manual,Entrada,10,Azucena Picaflor,
09/10/25,17:00,Manual,Salida,10,Azucena Picaflor,
09/10/25,08:00,Manual,Entrada,12,Cachito Bellavista,
09/10/25,17:00,Manual,Salida,12,Cachito Bellavista,
09/10/25,08:00,Manual,Entrada,14,Gabriel Marquez,
09/10/25,17:00,Manual,Salida,14,Gabriel Marquez,
10/10/25,08:00,Local,Entrada,10,Azucena Picaflor,
10/10/25,17:00,Local,Salida,10,Azucena Picaflor,
10/10/25,08:00,Local,Entrada,12,Cachito Bellavista,
10/10/25,17:00,Local,Salida,12,Cachito Bellavista,
10/10/25,08:00,Local,Entrada,14,Gabriel Marquez,
10/10/25,17:00,Local,Salida,14,Gabriel Marquez,
13/10/25,08:00,Manual,Entrada,10,Azucena Picaflor,
13/10/25,17:00,Manual,Salida,10,Azucena Picaflor,
13/10/25,08:00,Manual,Entrada,12,Cachito Bellavista,
13/10/25,17:00,Manual,Salida,12,Cachito Bellavista,
13/10/25,08:00,Manual,Entrada,14,Gabriel Marquez,
13/10/25,17:00,Manual,Salida,14,Gabriel Marquez,
14/10/25,08:00,Local,Entrada,10,Azucena Picaflor,
14/10/25,17:00,Local,Salida,10,Azucena Picaflor,
14/10/25,08:00,Local,Entrada,12,Cachito Bellavista,
14/10/25,17:00,Local,Salida,12,Cachito Bellavista,
14/10/25,08:00,Local,Entrada,14,Gabriel Marquez,
14/10/25,17:00,Local,Salida,14,Gabriel Marquez,
15/10/25,08:00,Manual,Entrada,10,Azucena Picaflor,
15/10/25,17:00,Manual,Salida,10,Azucena Picaflor,
15/10/25,08:00,Manual,Entrada,12,Cachito Bellavista,
15/10/25,17:00,Manual,Salida,12,Cachito Bellavista,
15/10/25,08:00,Manual,Entrada,14,Gabriel Marquez,
15/10/25,17:00,Manual,Salida,14,Gabriel Marquez,
16/10/25,08:00,Local,Entrada,10,Azucena Picaflor,
16/10/25,17:00,Local,Salida,10,Azucena Picaflor,
16/10/25,08:00,Local,Entrada,12,Cachito Bellavista,
16/10/25,17:00,Local,Salida,12,Cachito Bellavista,
16/10/25,08:00,Local,Entrada,14,Gabriel Marquez,
16/10/25,17:00,Local,Salida,14,Gabriel Marquez,
17/10/25,08:00,Manual,Entrada,10,Azucena Picaflor,
17/10/25,17:00,Manual,Salida,10,Azucena Picaflor,
17/10/25,08:00,Manual,Entrada,12,Cachito Bellavista,
17/10/25,17:00,Manual,Salida,12,Cachito Bellavista,
17/10/25,08:00,Manual,Entrada,14,Gabriel Marquez,
17/10/25,17:00,Manual,Salida,14,Gabriel Marquez,
20/10/25,08:00,Local,Entrada,10,Azucena Picaflor,
20/10/25,17:00,Local,Salida,10,Azucena Picaflor,
20/10/25,08:00,Local,Entrada,12,Cachito Bellavista,
20/10/25,17:00,Local,Salida,12,Cachito Bellavista,
20/10/25,08:00,Local,Entrada,14,Gabriel Marquez,
20/10/25,17:00,Local,Salida,14,Gabriel Marquez,
21/10/25,08:00,Manual,Entrada,10,Azucena Picaflor,
21/10/25,17:00,Manual,Salida,10,Azucena Picaflor,
21/10/25,08:00,Manual,Entrada,12,Cachito Bellavista,
21/10/25,17:00,Manual,Salida,12,Cachito Bellavista,
21/10/25,08:00,Manual,Entrada,14,Gabriel Marquez,
21/10/25,17:00,Manual,Salida,14,Gabriel Marquez,
22/10/25,08:00,Local,Entrada,10,Azucena Picaflor,
22/10/25,17:00,Local,Salida,10,Azucena Picaflor,
22/10/25,08:00,Local,Entrada,12,Cachito Bellavista,
22/10/25,17:00,Local,Salida,12,Cachito Bellavista,
22/10/25,08:00,Local,Entrada,14,Gabriel Marquez,
22/10/25,17:00,Local,Salida,14,Gabriel Marquez,
23/10/25,08:00,Manual,Entrada,10,Azucena Picaflor,
23/10/25,17:00,Manual,Salida,10,Azucena Picaflor,
23/10/25,08:00,Manual,Entrada,12,Cachito Bellavista,
23/10/25,17:00,Manual,Salida,12,Cachito Bellavista,
23/10/25,08:00,Manual,Entrada,14,Gabriel Marquez,
23/10/25,17:00,Manual,Salida,14,Gabriel Marquez,
24/10/25,08:00,Local,Entrada,10,Azucena Picaflor,
24/10/25,17:00,Local,Salida,10,Azucena Picaflor,
24/10/25,08:00,Local,Entrada,12,Cachito Bellavista,
24/10/25,17:00,Local,Salida,12,Cachito Bellavista,
24/10/25,08:00,Local,Entrada,14,Gabriel Marquez,
24/10/25,17:00,Local,Salida,14,Gabriel Marquez,
27/10/25,08:00,Manual,Entrada,10,Azucena Picaflor,
27/10/25,17:00,Manual,Salida,10,Azucena Picaflor,
27/10/25,08:00,Manual,Entrada,12,Cachito Bellavista,
27/10/25,17:00,Manual,Salida,12,Cachito Bellavista,
27/10/25,08:00,Manual,Entrada,14,Gabriel Marquez,
27/10/25,17:00,Manual,Salida,14,Gabriel Marquez,
28/10/25,08:00,Local,Entrada,10,Azucena Picaflor,
28/10/25,17:00,Local,Salida,10,Azucena Picaflor,
28/10/25,08:00,Local,Entrada,12,Cachito Bellavista,
28/10/25,17:00,Local,Salida,12,Cachito Bellavista,
28/10/25,08:00,Local,Entrada,14,Gabriel Marquez,
28/10/25,17:00,Local,Salida,14,Gabriel Marquez,
29/10/25,08:00,Manual,Entrada,10,Azucena Picaflor,
29/10/25,17:00,Manual,Salida,10,Azucena Picaflor,
29/10/25,08:00,Manual,Entrada,12,Cachito Bellavista,
29/10/25,17:00,Manual,Salida,12,Cachito Bellavista,
29/10/25,08:00,Manual,Entrada,14,Gabriel Marquez,
29/10/25,17:00,Manual,Salida,14,Gabriel Marquez,
30/10/25,08:00,Local,Entrada,10,Azucena Picaflor,
30/10/25,17:00,Local,Salida,10,Azucena Picaflor,
30/10/25,08:00,Local,Entrada,12,Cachito Bellavista,
30/10/25,17:00,Local,Salida,12,Cachito Bellavista,
30/10/25,08:00,Local,Entrada,14,Gabriel Marquez,
30/10/25,17:00,Local,Salida,14,Gabriel Marquez,
31/10/25,08:00,Manual,Entrada,10,Azucena Picaflor,
31/10/25,17:00,Manual,Salida,10,Azucena Picaflor,
31/10/25,08:00,Manual,Entrada,12,Cachito Bellavista,
31/10/25,17:00,Manual,Salida,12,Cachito Bellavista,
31/10/25,08:00,Manual,Entrada,14,Gabriel Marquez,
31/10/25,17:00,Manual,Salida,14,Gabriel Marquez,
03/11/25,08:00,Local,Entrada,10,Azucena Picaflor,
03/11/25,17:00,Local,Salida,10,Azucena Picaflor,
03/11/25,08:00,Local,Entrada,12,Cachito Bellavista,
03/11/25,17:00,Local,Salida,12,Cachito Bellavista,
03/11/25,08:00,Local,Entrada,14,Gabriel Marquez,
03/11/25,17:00,Local,Salida,14,Gabriel Marquez,
04/11/25,08:00,Manual,Entrada,10,Azucena Picaflor,
04/11/25,17:00,Manual,Salida,10,Azucena Picaflor,
04/11/25,08:00,Manual,Entrada,12,Cachito Bellavista,
04/11/25,17:00,Manual,Salida,12,Cachito Bellavista,
04/11/25,08:00,Manual,Entrada,14,Gabriel Marquez,
04/11/25,17:00,Manual,Salida,14,Gabriel Marquez,
05/11/25,08:00,Local,Entrada,10,Azucena Picaflor,
05/11/25,17:00,Local,Salida,10,Azucena Picaflor,
05/11/25,08:00,Local,Entrada,12,Cachito Bellavista,
05/11/25,17:00,Local,Salida,12,Cachito Bellavista,
05/11/25,08:00,Local,Entrada,14,Gabriel Marquez,
05/11/25,17:00,Local,Salida,14,Gabriel Marquez,
06/11/25,08:00,Manual,Entrada,10,Azucena Picaflor,
06/11/25,17:00,Manual,Salida,10,Azucena Picaflor,
06/11/25,08:00,Manual,Entrada,12,Cachito Bellavista,
06/11/25,17:00,Manual,Salida,12,Cachito Bellavista,
06/11/25,08:00,Manual,Entrada,14,Gabriel Marquez,
06/11/25,17:00,Manual,Salida,14,Gabriel Marquez,
07/11/25,08:00,Local,Entrada,10,Azucena Picaflor,
07/11/25,17:00,Local,Salida,10,Azucena Picaflor,
07/11/25,08:00,Local,Entrada,12,Cachito Bellavista,
07/11/25,17:00,Local,Salida,12,Cachito Bellavista,
07/11/25,08:00,Local,Entrada,14,Gabriel Marquez,
07/11/25,17:00,Local,Salida,14,Gabriel Marquez,
10/11/25,08:00,Manual,Entrada,10,Azucena Picaflor,
10/11/25,17:00,Manual,Salida,10,Azucena Picaflor,
10/11/25,08:00,Manual,Entrada,12,Cachito Bellavista,
10/11/25,17:00,Manual,Salida,12,Cachito Bellavista,
10/11/25,08:00,Manual,Entrada,14,Gabriel Marquez,
10/11/25,17:00,Manual,Salida,14,Gabriel Marquez,
11/11/25,08:00,Local,Entrada,10,Azucena Picaflor,
11/11/25,17:00,Local,Salida,10,Azucena Picaflor,
11/11/25,08:00,Local,Entrada,12,Cachito Bellavista,
11/11/25,17:00,Local,Salida,12,Cachito Bellavista,
11/11/25,08:00,Local,Entrada,14,Gabriel Marquez,
11/11/25,17:00,Local,Salida,14,Gabriel Marquez,
12/11/25,08:00,Manual,Entrada,10,Azucena Picaflor,
12/11/25,17:00,Manual,Salida,10,Azucena Picaflor,
12/11/25,08:00,Manual,Entrada,12,Cachito Bellavista,
12/11/25,17:00,Manual,Salida,12,Cachito Bellavista,
12/11/25,08:00,Manual,Entrada,14,Gabriel Marquez,
12/11/25,17:00,Manual,Salida,14,Gabriel Marquez,
13/11/25,08:00,Local,Entrada,10,Azucena Picaflor,
13/11/25,17:00,Local,Salida,10,Azucena Picaflor,
13/11/25,08:00,Local,Entrada,12,Cachito Bellavista,
13/11/25,17:00,Local,Salida,12,Cachito Bellavista,
13/11/25,08:00,Local,Entrada,14,Gabriel Marquez,
13/11/25,17:00,Local,Salida,14,Gabriel Marquez,
14/11/25,08:00,Manual,Entrada,10,Azucena Picaflor,
14/11/25,17:00,Manual,Salida,10,Azucena Picaflor,
14/11/25,08:00,Manual,Entrada,12,Cachito Bellavista,
14/11/25,17:00,Manual,Salida,12,Cachito Bellavista,
14/11/25,08:00,Manual,Entrada,14,Gabriel Marquez,
14/11/25,17:00,Manual,Salida,14,Gabriel Marquez,
17/11/25,08:00,Local,Entrada,10,Azucena Picaflor,
17/11/25,17:00,Local,Salida,10,Azucena Picaflor,
17/11/25,08:00,Local,Entrada,12,Cachito Bellavista,
17/11/25,17:00,Local,Salida,12,Cachito Bellavista,
17/11/25,08:00,Local,Entrada,14,Gabriel Marquez,
17/11/25,17:00,Local,Salida,14,Gabriel Marquez,
18/11/25,08:00,Manual,Entrada,10,Azucena Picaflor,
18/11/25,17:00,Manual,Salida,10,Azucena Picaflor,
18/11/25,08:00,Manual,Entrada,12,Cachito Bellavista,
18/11/25,17:00,Manual,Salida,12,Cachito Bellavista,
18/11/25,08:00,Manual,Entrada,14,Gabriel Marquez,
18/11/25,17:00,Manual,Salida,14,Gabriel Marquez,
19/11/25,08:00,Local,Entrada,10,Azucena Picaflor,
19/11/25,17:00,Local,Salida,10,Azucena Picaflor,
19/11/25,08:00,Local,Entrada,12,Cachito Bellavista,
19/11/25,17:00,Local,Salida,12,Cachito Bellavista,
19/11/25,08:00,Local,Entrada,14,Gabriel Marquez,
19/11/25,17:00,Local,Salida,14,Gabriel Marquez,
20/11/25,08:00,Manual,Entrada,10,Azucena Picaflor,
20/11/25,17:00,Manual,Salida,10,Azucena Picaflor,
20/11/25,08:00,Manual,Entrada,12,Cachito Bellavista,
20/11/25,17:00,Manual,Salida,12,Cachito Bellavista,
20/11/25,08:00,Manual,Entrada,14,Gabriel Marquez,
20/11/25,17:00,Manual,Salida,14,Gabriel Marquez,
21/11/25,08:00,Local,Entrada,10,Azucena Picaflor,
21/11/25,17:00,Local,Salida,10,Azucena Picaflor,
21/11/25,08:00,Local,Entrada,12,Cachito Bellavista,
21/11/25,17:00,Local,Salida,12,Cachito Bellavista,
21/11/25,08:00,Local,Entrada,14,Gabriel Marquez,
21/11/25,17:00,Local,Salida,14,Gabriel Marquez,
24/11/25,08:00,Manual,Entrada,10,Azucena Picaflor,
24/11/25,17:00,Manual,Salida,10,Azucena Picaflor,
24/11/25,08:00,Manual,Entrada,12,Cachito Bellavista,
24/11/25,17:00,Manual,Salida,12,Cachito Bellavista,
24/11/25,08:00,Manual,Entrada,14,Gabriel Marquez,
24/11/25,17:00,Manual,Salida,14,Gabriel Marquez,
25/11/25,08:00,Local,Entrada,10,Azucena Picaflor,
25/11/25,17:00,Local,Salida,10,Azucena Picaflor,
25/11/25,08:00,Local,Entrada,12,Cachito Bellavista,
25/11/25,17:00,Local,Salida,12,Cachito Bellavista,
25/11/25,08:00,Local,Entrada,14,Gabriel Marquez,
25/11/25,17:00,Local,Salida,14,Gabriel Marquez,
26/11/25,08:00,Manual,Entrada,10,Azucena Picaflor,
26/11/25,17:00,Manual,Salida,10,Azucena Picaflor,
26/11/25,08:00,Manual,Entrada,12,Cachito Bellavista,
26/11/25,17:00,Manual,Salida,12,Cachito Bellavista,
26/11/25,08:00,Manual,Entrada,14,Gabriel Marquez,
26/11/25,17:00,Manual,Salida,14,Gabriel Marquez,
27/11/25,08:00,Local,Entrada,10,Azucena Picaflor,
27/11/25,17:00,Local,Salida,10,Azucena Picaflor,
27/11/25,08:00,Local,Entrada,12,Cachito Bellavista,
27/11/25,17:00,Local,Salida,12,Cachito Bellavista,
27/11/25,08:00,Local,Entrada,14,Gabriel Marquez,
27/11/25,17:00,Local,Salida,14,Gabriel Marquez,
28/11/25,08:00,Manual,Entrada,10,Azucena Picaflor,
28/11/25,17:00,Manual,Salida,10,Azucena Picaflor,
28/11/25,08:00,Manual,Entrada,12,Cachito Bellavista,
28/11/25,17:00,Manual,Salida,12,Cachito Bellavista,
28/11/25,08:00,Manual,Entrada,14,Gabriel Marquez,
28/11/25,17:00,Manual,Salida,14,Gabriel Marquez,
01/12/25,08:00,Local,Entrada,10,Azucena Picaflor,
01/12/25,17:00,Local,Salida,10,Azucena Picaflor,
01/12/25,08:00,Local,Entrada,12,Cachito Bellavista,
01/12/25,17:00,Local,Salida,12,Cachito Bellavista,
01/12/25,08:00,Local,Entrada,14,Gabriel Marquez,
01/12/25,17:00,Local,Salida,14,Gabriel Marquez,
02/12/25,08:00,Manual,Entrada,10,Azucena Picaflor,
02/12/25,17:00,Manual,Salida,10,Azucena Picaflor,
02/12/25,08:00,Manual,Entrada,12,Cachito Bellavista,
02/12/25,17:00,Manual,Salida,12,Cachito Bellavista,
02/12/25,08:00,Manual,Entrada,14,Gabriel Marquez,
02/12/25,17:00,Manual,Salida,14,Gabriel Marquez,
03/12/25,08:00,Local,Entrada,10,Azucena Picaflor,
03/12/25,17:00,Local,Salida,10,Azucena Picaflor,
03/12/25,08:00,Local,Entrada,12,Cachito Bellavista,
03/12/25,17:00,Local,Salida,12,Cachito Bellavista,
03/12/25,08:00,Local,Entrada,14,Gabriel Marquez,
03/12/25,17:00,Local,Salida,14,Gabriel Marquez,
04/12/25,08:00,Manual,Entrada,10,Azucena Picaflor,
04/12/25,17:00,Manual,Salida,10,Azucena Picaflor,
04/12/25,08:00,Manual,Entrada,12,Cachito Bellavista,
04/12/25,17:00,Manual,Salida,12,Cachito Bellavista,
04/12/25,08:00,Manual,Entrada,14,Gabriel Marquez,
04/12/25,17:00,Manual,Salida,14,Gabriel Marquez,
05/12/25,08:00,Local,Entrada,10,Azucena Picaflor,
05/12/25,17:00,Local,Salida,10,Azucena Picaflor,
05/12/25,08:00,Local,Entrada,12,Cachito Bellavista,
05/12/25,17:00,Local,Salida,12,Cachito Bellavista,
05/12/25,08:00,Local,Entrada,14,Gabriel Marquez,
05/12/25,17:00,Local,Salida,14,Gabriel Marquez,
08/12/25,08:00,Manual,Entrada,10,Azucena Picaflor,
08/12/25,17:00,Manual,Salida,10,Azucena Picaflor,
08/12/25,08:00,Manual,Entrada,12,Cachito Bellavista,
08/12/25,17:00,Manual,Salida,12,Cachito Bellavista,
08/12/25,08:00,Manual,Entrada,14,Gabriel Marquez,
08/12/25,17:00,Manual,Salida,14,Gabriel Marquez,
09/12/25,08:00,Local,Entrada,10,Azucena Picaflor,
09/12/25,17:00,Local,Salida,10,Azucena Picaflor,
09/12/25,08:00,Local,Entrada,12,Cachito Bellavista,
09/12/25,17:00,Local,Salida,12,Cachito Bellavista,
09/12/25,08:00,Local,Entrada,14,Gabriel Marquez,
09/12/25,17:00,Local,Salida,14,Gabriel Marquez,
10/12/25,08:00,Manual,Entrada,10,Azucena Picaflor,
10/12/25,17:00,Manual,Salida,10,Azucena Picaflor,
10/12/25,08:00,Manual,Entrada,12,Cachito Bellavista,
10/12/25,17:00,Manual,Salida,12,Cachito Bellavista,
10/12/25,08:00,Manual,Entrada,14,Gabriel Marquez,
10/12/25,17:00,Manual,Salida,14,Gabriel Marquez,
11/12/25,08:00,Local,Entrada,10,Azucena Picaflor,
11/12/25,17:00,Local,Salida,10,Azucena Picaflor,
11/12/25,08:00,Local,Entrada,12,Cachito Bellavista,
11/12/25,17:00,Local,Salida,12,Cachito Bellavista,
11/12/25,08:00,Local,Entrada,14,Gabriel Marquez,
11/12/25,17:00,Local,Salida,14,Gabriel Marquez,
12/12/25,08:00,Manual,Entrada,10,Azucena Picaflor,
12/12/25,17:00,Manual,Salida,10,Azucena Picaflor,
12/12/25,08:00,Manual,Entrada,12,Cachito Bellavista,
12/12/25,17:00,Manual,Salida,12,Cachito Bellavista,
12/12/25,08:00,Manual,Entrada,14,Gabriel Marquez,
12/12/25,17:00,Manual,Salida,14,Gabriel Marquez,
15/12/25,08:00,Local,Entrada,10,Azucena Picaflor,
15/12/25,17:00,Local,Salida,10,Azucena Picaflor,
15/12/25,08:00,Local,Entrada,12,Cachito Bellavista,
15/12/25,17:00,Local,Salida,12,Cachito Bellavista,
15/12/25,08:00,Local,Entrada,14,Gabriel Marquez,
15/12/25,17:00,Local,Salida,14,Gabriel Marquez,
16/12/25,08:00,Manual,Entrada,10,Azucena Picaflor,
16/12/25,17:00,Manual,Salida,10,Azucena Picaflor,
16/12/25,08:00,Manual,Entrada,12,Cachito Bellavista,
16/12/25,17:00,Manual,Salida,12,Cachito Bellavista,
16/12/25,08:00,Manual,Entrada,14,Gabriel Marquez,
16/12/25,17:00,Manual,Salida,14,Gabriel Marquez,
17/12/25,08:00,Local,Entrada,10,Azucena Picaflor,
17/12/25,17:00,Local,Salida,10,Azucena Picaflor,
17/12/25,08:00,Local,Entrada,12,Cachito Bellavista,
17/12/25,17:00,Local,Salida,12,Cachito Bellavista,
17/12/25,08:00,Local,Entrada,14,Gabriel Marquez,
17/12/25,17:00,Local,Salida,14,Gabriel Marquez,
18/12/25,08:00,Manual,Entrada,10,Azucena Picaflor,
18/12/25,17:00,Manual,Salida,10,Azucena Picaflor,
18/12/25,08:00,Manual,Entrada,12,Cachito Bellavista,
18/12/25,17:00,Manual,Salida,12,Cachito Bellavista,
18/12/25,08:00,Manual,Entrada,14,Gabriel Marquez,
18/12/25,17:00,Manual,Salida,14,Gabriel Marquez,
19/12/25,08:00,Local,Entrada,10,Azucena Picaflor,
19/12/25,17:00,Local,Salida,10,Azucena Picaflor,
19/12/25,08:00,Local,Entrada,12,Cachito Bellavista,
19/12/25,17:00,Local,Salida,12,Cachito Bellavista,
19/12/25,08:00,Local,Entrada,14,Gabriel Marquez,
19/12/25,17:00,Local,Salida,14,Gabriel Marquez,
22/12/25,08:00,Manual,Entrada,10,Azucena Picaflor,
22/12/25,17:00,Manual,Salida,10,Azucena Picaflor,
22/12/25,08:00,Manual,Entrada,12,Cachito Bellavista,
22/12/25,17:00,Manual,Salida,12,Cachito Bellavista,
22/12/25,08:00,Manual,Entrada,14,Gabriel Marquez,
22/12/25,17:00,Manual,Salida,14,Gabriel Marquez,
23/12/25,08:00,Local,Entrada,10,Azucena Picaflor,
23/12/25,17:00,Local,Salida,10,Azucena Picaflor,
23/12/25,08:00,Local,Entrada,12,Cachito Bellavista,
23/12/25,17:00,Local,Salida,12,Cachito Bellavista,
23/12/25,08:00,Local,Entrada,14,Gabriel Marquez,
23/12/25,17:00,Local,Salida,14,Gabriel Marquez,
24/12/25,08:00,Manual,Entrada,10,Azucena Picaflor,
24/12/25,17:00,Manual,Salida,10,Azucena Picaflor,
24/12/25,08:00,Manual,Entrada,12,Cachito Bellavista,
24/12/25,17:00,Manual,Salida,12,Cachito Bellavista,
24/12/25,08:00,Manual,Entrada,14,Gabriel Marquez,
24/12/25,17:00,Manual,Salida,14,Gabriel Marquez,
25/12/25,08:00,Local,Entrada,10,Azucena Picaflor,
25/12/25,17:00,Local,Salida,10,Azucena Picaflor,
25/12/25,08:00,Local,Entrada,12,Cachito Bellavista,
25/12/25,17:00,Local,Salida,12,Cachito Bellavista,
25/12/25,08:00,Local,Entrada,14,Gabriel Marquez,
25/12/25,17:00,Local,Salida,14,Gabriel Marquez,
26/12/25,08:00,Manual,Entrada,10,Azucena Picaflor,
26/12/25,17:00,Manual,Salida,10,Azucena Picaflor,
26/12/25,08:00,Manual,Entrada,12,Cachito Bellavista,
26/12/25,17:00,Manual,Salida,12,Cachito Bellavista,
26/12/25,08:00,Manual,Entrada,14,Gabriel Marquez,
26/12/25,17:00,Manual,Salida,14,Gabriel Marquez,
29/12/25,08:00,Local,Entrada,10,Azucena Picaflor,
29/12/25,17:00,Local,Salida,10,Azucena Picaflor,
29/12/25,08:00,Local,Entrada,12,Cachito Bellavista,
29/12/25,17:00,Local,Salida,12,Cachito Bellavista,
29/12/25,08:00,Local,Entrada,14,Gabriel Marquez,
29/12/25,17:00,Local,Salida,14,Gabriel Marquez,
30/12/25,08:00,Manual,Entrada,10,Azucena Picaflor,
30/12/25,17:00,Manual,Salida,10,Azucena Picaflor,
30/12/25,08:00,Manual,Entrada,12,Cachito Bellavista,
30/12/25,17:00,Manual,Salida,12,Cachito Bellavista,
30/12/25,08:00,Manual,Entrada,14,Gabriel Marquez,
30/12/25,17:00,Manual,Salida,14,Gabriel Marquez,
31/12/25,08:00,Local,Entrada,10,Azucena Picaflor,
31/12/25,17:00,Local,Salida,10,Azucena Picaflor,
31/12/25,08:00,Local,Entrada,12,Cachito Bellavista,
31/12/25,17:00,Local,Salida,12,Cachito Bellavista,
31/12/25,08:00,Local,Entrada,14,Gabriel Marquez,
31/12/25,17:00,Local,Salida,14,Gabriel Marquez,
01/01/26,08:00,Manual,Entrada,10,Azucena Picaflor,
01/01/26,17:00,Manual,Salida,10,Azucena Picaflor,
01/01/26,08:00,Manual,Entrada,12,Cachito Bellavista,
01/01/26,17:00,Manual,Salida,12,Cachito Bellavista,
01/01/26,08:00,Manual,Entrada,14,Gabriel Marquez,
01/01/26,17:00,Manual,Salida,14,Gabriel Marquez,
02/01/26,08:00,Local,Entrada,10,Azucena Picaflor,
02/01/26,17:00,Local,Salida,10,Azucena Picaflor,
02/01/26,08:00,Local,Entrada,12,Cachito Bellavista,
02/01/26,17:00,Local,Salida,12,Cachito Bellavista,
02/01/26,08:00,Local,Entrada,14,Gabriel Marquez,
02/01/26,17:00,Local,Salida,14,Gabriel Marquez,
05/01/26,08:00,Manual,Entrada,10,Azucena Picaflor,
05/01/26,17:00,Manual,Salida,10,Azucena Picaflor,
05/01/26,08:00,Manual,Entrada,12,Cachito Bellavista,
05/01/26,17:00,Manual,Salida,12,Cachito Bellavista,
05/01/26,08:00,Manual,Entrada,14,Gabriel Marquez,
05/01/26,17:00,Manual,Salida,14,Gabriel Marquez,
06/01/26,08:00,Local,Entrada,10,Azucena Picaflor,
06/01/26,17:00,Local,Salida,10,Azucena Picaflor,
06/01/26,08:00,Local,Entrada,12,Cachito Bellavista,
06/01/26,17:00,Local,Salida,12,Cachito Bellavista,
06/01/26,08:00,Local,Entrada,14,Gabriel Marquez,
06/01/26,17:00,Local,Salida,14,Gabriel Marquez,
07/01/26,08:00,Manual,Entrada,10,Azucena Picaflor,
07/01/26,17:00,Manual,Salida,10,Azucena Picaflor,
07/01/26,08:00,Manual,Entrada,12,Cachito Bellavista,
07/01/26,17:00,Manual,Salida,12,Cachito Bellavista,
07/01/26,08:00,Manual,Entrada,14,Gabriel Marquez,
07/01/26,17:00,Manual,Salida,14,Gabriel Marquez,
08/01/26,08:00,Local,Entrada,10,Azucena Picaflor,
08/01/26,17:00,Local,Salida,10,Azucena Picaflor,
08/01/26,08:00,Local,Entrada,12,Cachito Bellavista,
08/01/26,17:00,Local,Salida,12,Cachito Bellavista,
08/01/26,08:00,Local,Entrada,14,Gabriel Marquez,
08/01/26,17:00,Local,Salida,14,Gabriel Marquez,
09/01/26,08:00,Manual,Entrada,10,Azucena Picaflor,
09/01/26,17:00,Manual,Salida,10,Azucena Picaflor,
09/01/26,08:00,Manual,Entrada,12,Cachito Bellavista,
09/01/26,17:00,Manual,Salida,12,Cachito Bellavista,
09/01/26,08:00,Manual,Entrada,14,Gabriel Marquez,
09/01/26,17:00,Manual,Salida,14,Gabriel Marquez,
12/01/26,08:00,Local,Entrada,10,Azucena Picaflor,
12/01/26,17:00,Local,Salida,10,Azucena Picaflor,
12/01/26,08:00,Local,Entrada,12,Cachito Bellavista,
12/01/26,17:00,Local,Salida,12,Cachito Bellavista,
12/01/26,08:00,Local,Entrada,14,Gabriel Marquez,
12/01/26,17:00,Local,Salida,14,Gabriel Marquez,
13/01/26,08:00,Manual,Entrada,10,Azucena Picaflor,
13/01/26,17:00,Manual,Salida,10,Azucena Picaflor,
13/01/26,08:00,Manual,Entrada,12,Cachito Bellavista,
13/01/26,17:00,Manual,Salida,12,Cachito Bellavista,
13/01/26,08:00,Manual,Entrada,14,Gabriel Marquez,
13/01/26,17:00,Manual,Salida,14,Gabriel Marquez,
14/01/26,08:00,Local,Entrada,10,Azucena Picaflor,
14/01/26,17:00,Local,Salida,10,Azucena Picaflor,
14/01/26,08:00,Local,Entrada,12,Cachito Bellavista,
14/01/26,17:00,Local,Salida,12,Cachito Bellavista,
14/01/26,08:00,Local,Entrada,14,Gabriel Marquez,
14/01/26,17:00,Local,Salida,14,Gabriel Marquez,
15/01/26,08:00,Manual,Entrada,10,Azucena Picaflor,
15/01/26,17:00,Manual,Salida,10,Azucena Picaflor,
15/01/26,08:00,Manual,Entrada,12,Cachito Bellavista,
15/01/26,17:00,Manual,Salida,12,Cachito Bellavista,
15/01/26,08:00,Manual,Entrada,14,Gabriel Marquez,
15/01/26,17:00,Manual,Salida,14,Gabriel Marquez,
16/01/26,08:00,Local,Entrada,10,Azucena Picaflor,
16/01/26,17:00,Local,Salida,10,Azucena Picaflor,
16/01/26,08:00,Local,Entrada,12,Cachito Bellavista,
16/01/26,17:00,Local,Salida,12,Cachito Bellavista,
16/01/26,08:00,Local,Entrada,14,Gabriel Marquez,
16/01/26,17:00,Local,Salida,14,Gabriel Marquez,
19/01/26,08:00,Manual,Entrada,10,Azucena Picaflor,
19/01/26,17:00,Manual,Salida,10,Azucena Picaflor,
19/01/26,08:00,Manual,Entrada,12,Cachito Bellavista,
19/01/26,17:00,Manual,Salida,12,Cachito Bellavista,
19/01/26,08:00,Manual,Entrada,14,Gabriel Marquez,
19/01/26,17:00,Manual,Salida,14,Gabriel Marquez,
20/01/26,08:00,Local,Entrada,10,Azucena Picaflor,
20/01/26,17:00,Local,Salida,10,Azucena Picaflor,
20/01/26,08:00,Local,Entrada,12,Cachito Bellavista,
20/01/26,17:00,Local,Salida,12,Cachito Bellavista,
20/01/26,08:00,Local,Entrada,14,Gabriel Marquez,
20/01/26,17:00,Local,Salida,14,Gabriel Marquez,
21/01/26,08:00,Manual,Entrada,10,Azucena Picaflor,
21/01/26,17:00,Manual,Salida,10,Azucena Picaflor,
21/01/26,08:00,Manual,Entrada,12,Cachito Bellavista,
21/01/26,17:00,Manual,Salida,12,Cachito Bellavista,
21/01/26,08:00,Manual,Entrada,14,Gabriel Marquez,
21/01/26,17:00,Manual,Salida,14,Gabriel Marquez,
22/01/26,08:00,Local,Entrada,10,Azucena Picaflor,
22/01/26,17:00,Local,Salida,10,Azucena Picaflor,
22/01/26,08:00,Local,Entrada,12,Cachito Bellavista,
22/01/26,17:00,Local,Salida,12,Cachito Bellavista,
22/01/26,08:00,Local,Entrada,14,Gabriel Marquez,
22/01/26,17:00,Local,Salida,14,Gabriel Marquez,
23/01/26,08:00,Manual,Entrada,10,Azucena Picaflor,
23/01/26,17:00,Manual,Salida,10,Azucena Picaflor,
23/01/26,08:00,Manual,Entrada,12,Cachito Bellavista,
23/01/26,17:00,Manual,Salida,12,Cachito Bellavista,
23/01/26,08:00,Manual,Entrada,14,Gabriel Marquez,
23/01/26,17:00,Manual,Salida,14,Gabriel Marquez,
26/01/26,08:00,Local,Entrada,10,Azucena Picaflor,
26/01/26,17:00,Local,Salida,10,Azucena Picaflor,
26/01/26,08:00,Local,Entrada,12,Cachito Bellavista,
26/01/26,17:00,Local,Salida,12,Cachito Bellavista,
26/01/26,08:00,Local,Entrada,14,Gabriel Marquez,
26/01/26,17:00,Local,Salida,14,Gabriel Marquez,
27/01/26,08:00,Manual,Entrada,10,Azucena Picaflor,
27/01/26,17:00,Manual,Salida,10,Azucena Picaflor,
27/01/26,08:00,Manual,Entrada,12,Cachito Bellavista,
27/01/26,17:00,Manual,Salida,12,Cachito Bellavista,
27/01/26,08:00,Manual,Entrada,14,Gabriel Marquez,
27/01/26,17:00,Manual,Salida,14,Gabriel Marquez,
28/01/26,08:00,Local,Entrada,10,Azucena Picaflor,
28/01/26,17:00,Local,Salida,10,Azucena Picaflor,
28/01/26,08:00,Local,Entrada,12,Cachito Bellavista,
28/01/26,17:00,Local,Salida,12,Cachito Bellavista,
28/01/26,08:00,Local,Entrada,14,Gabriel Marquez,
28/01/26,17:00,Local,Salida,14,Gabriel Marquez,
29/01/26,08:00,Manual,Entrada,10,Azucena Picaflor,
29/01/26,17:00,Manual,Salida,10,Azucena Picaflor,
29/01/26,08:00,Manual,Entrada,12,Cachito Bellavista,
29/01/26,17:00,Manual,Salida,12,Cachito Bellavista,
29/01/26,08:00,Manual,Entrada,14,Gabriel Marquez,
29/01/26,17:00,Manual,Salida,14,Gabriel Marquez,
30/01/26,08:00,Local,Entrada,10,Azucena Picaflor,
30/01/26,17:00,Local,Salida,10,Azucena Picaflor,
30/01/26,08:00,Local,Entrada,12,Cachito Bellavista,
30/01/26,17:00,Local,Salida,12,Cachito Bellavista,
30/01/26,08:00,Local,Entrada,14,Gabriel Marquez,
30/01/26,17:00,Local,Salida,14,Gabriel Marquez,
02/02/26,08:00,Manual,Entrada,10,Azucena Picaflor,
02/02/26,17:00,Manual,Salida,10,Azucena Picaflor,
02/02/26,08:00,Manual,Entrada,12,Cachito Bellavista,
02/02/26,17:00,Manual,Salida,12,Cachito Bellavista,
02/02/26,08:00,Manual,Entrada,14,Gabriel Marquez,
02/02/26,17:00,Manual,Salida,14,Gabriel Marquez,
03/02/26,08:00,Local,Entrada,10,Azucena Picaflor,
03/02/26,17:00,Local,Salida,10,Azucena Picaflor,
03/02/26,08:00,Local,Entrada,12,Cachito Bellavista,
03/02/26,17:00,Local,Salida,12,Cachito Bellavista,
03/02/26,08:00,Local,Entrada,14,Gabriel Marquez,
03/02/26,17:00,Local,Salida,14,Gabriel Marquez,
04/02/26,08:00,Manual,Entrada,10,Azucena Picaflor,
04/02/26,17:00,Manual,Salida,10,Azucena Picaflor,
04/02/26,08:00,Manual,Entrada,12,Cachito Bellavista,
04/02/26,17:00,Manual,Salida,12,Cachito Bellavista,
04/02/26,08:00,Manual,Entrada,14,Gabriel Marquez,
04/02/26,17:00,Manual,Salida,14,Gabriel Marquez,
05/02/26,08:00,Local,Entrada,10,Azucena Picaflor,
05/02/26,17:00,Local,Salida,10,Azucena Picaflor,
05/02/26,08:00,Local,Entrada,12,Cachito Bellavista,
05/02/26,17:00,Local,Salida,12,Cachito Bellavista,
05/02/26,08:00,Local,Entrada,14,Gabriel Marquez,
05/02/26,17:00,Local,Salida,14,Gabriel Marquez,
06/02/26,08:00,Manual,Entrada,10,Azucena Picaflor,
06/02/26,17:00,Manual,Salida,10,Azucena Picaflor,
06/02/26,08:00,Manual,Entrada,12,Cachito Bellavista,
06/02/26,17:00,Manual,Salida,12,Cachito Bellavista,
06/02/26,08:00,Manual,Entrada,14,Gabriel Marquez,
06/02/26,17:00,Manual,Salida,14,Gabriel Marquez,
09/02/26,08:00,Local,Entrada,10,Azucena Picaflor,
09/02/26,17:00,Local,Salida,10,Azucena Picaflor,
09/02/26,08:00,Local,Entrada,12,Cachito Bellavista,
09/02/26,17:00,Local,Salida,12,Cachito Bellavista,
09/02/26,08:00,Local,Entrada,14,Gabriel Marquez,
09/02/26,17:00,Local,Salida,14,Gabriel Marquez,
10/02/26,08:00,Manual,Entrada,10,Azucena Picaflor,
10/02/26,17:00,Manual,Salida,10,Azucena Picaflor,
10/02/26,08:00,Manual,Entrada,12,Cachito Bellavista,
10/02/26,17:00,Manual,Salida,12,Cachito Bellavista,
10/02/26,08:00,Manual,Entrada,14,Gabriel Marquez,
10/02/26,17:00,Manual,Salida,14,Gabriel Marquez,
11/02/26,08:00,Local,Entrada,10,Azucena Picaflor,
11/02/26,17:00,Local,Salida,10,Azucena Picaflor,
11/02/26,08:00,Local,Entrada,12,Cachito Bellavista,
11/02/26,17:00,Local,Salida,12,Cachito Bellavista,
11/02/26,08:00,Local,Entrada,14,Gabriel Marquez,
11/02/26,17:00,Local,Salida,14,Gabriel Marquez,
12/02/26,08:00,Manual,Entrada,10,Azucena Picaflor,
12/02/26,17:00,Manual,Salida,10,Azucena Picaflor,
12/02/26,08:00,Manual,Entrada,12,Cachito Bellavista,
12/02/26,17:00,Manual,Salida,12,Cachito Bellavista,
12/02/26,08:00,Manual,Entrada,14,Gabriel Marquez,
12/02/26,17:00,Manual,Salida,14,Gabriel Marquez,
13/02/26,08:00,Local,Entrada,10,Azucena Picaflor,
13/02/26,17:00,Local,Salida,10,Azucena Picaflor,
13/02/26,08:00,Local,Entrada,12,Cachito Bellavista,
13/02/26,17:00,Local,Salida,12,Cachito Bellavista,
13/02/26,08:00,Local,Entrada,14,Gabriel Marquez,
13/02/26,17:00,Local,Salida,14,Gabriel Marquez,
16/02/26,08:00,Manual,Entrada,10,Azucena Picaflor,
16/02/26,17:00,Manual,Salida,10,Azucena Picaflor,
16/02/26,08:00,Manual,Entrada,12,Cachito Bellavista,
16/02/26,17:00,Manual,Salida,12,Cachito Bellavista,
16/02/26,08:00,Manual,Entrada,14,Gabriel Marquez,
16/02/26,17:00,Manual,Salida,14,Gabriel Marquez,
17/02/26,08:00,Local,Entrada,10,Azucena Picaflor,
17/02/26,17:00,Local,Salida,10,Azucena Picaflor,
17/02/26,08:00,Local,Entrada,12,Cachito Bellavista,
17/02/26,17:00,Local,Salida,12,Cachito Bellavista,
17/02/26,08:00,Local,Entrada,14,Gabriel Marquez,
17/02/26,17:00,Local,Salida,14,Gabriel Marquez,
18/02/26,08:00,Manual,Entrada,10,Azucena Picaflor,
18/02/26,17:00,Manual,Salida,10,Azucena Picaflor,
18/02/26,08:00,Manual,Entrada,12,Cachito Bellavista,
18/02/26,17:00,Manual,Salida,12,Cachito Bellavista,
18/02/26,08:00,Manual,Entrada,14,Gabriel Marquez,
18/02/26,17:00,Manual,Salida,14,Gabriel Marquez,
19/02/26,08:00,Local,Entrada,10,Azucena Picaflor,
19/02/26,17:00,Local,Salida,10,Azucena Picaflor,
19/02/26,08:00,Local,Entrada,12,Cachito Bellavista,
19/02/26,17:00,Local,Salida,12,Cachito Bellavista,
19/02/26,08:00,Local,Entrada,14,Gabriel Marquez,
19/02/26,17:00,Local,Salida,14,Gabriel Marquez,
20/02/26,08:00,Manual,Entrada,10,Azucena Picaflor,
20/02/26,17:00,Manual,Salida,10,Azucena Picaflor,
20/02/26,08:00,Manual,Entrada,12,Cachito Bellavista,
20/02/26,17:00,Manual,Salida,12,Cachito Bellavista,
20/02/26,08:00,Manual,Entrada,14,Gabriel Marquez,
20/02/26,17:00,Manual,Salida,14,Gabriel Marquez,
23/02/26,08:00,Local,Entrada,10,Azucena Picaflor,
23/02/26,17:00,Local,Salida,10,Azucena Picaflor,
23/02/26,08:00,Local,Entrada,12,Cachito Bellavista,
23/02/26,17:00,Local,Salida,12,Cachito Bellavista,
23/02/26,08:00,Local,Entrada,14,Gabriel Marquez,
23/02/26,17:00,Local,Salida,14,Gabriel Marquez,
24/02/26,08:00,Manual,Entrada,10,Azucena Picaflor,
24/02/26,17:00,Manual,Salida,10,Azucena Picaflor,
24/02/26,08:00,Manual,Entrada,12,Cachito Bellavista,
24/02/26,17:00,Manual,Salida,12,Cachito Bellavista,
24/02/26,08:00,Manual,Entrada,14,Gabriel Marquez,
24/02/26,17:00,Manual,Salida,14,Gabriel Marquez,
25/02/26,08:00,Local,Entrada,10,Azucena Picaflor,
25/02/26,17:00,Local,Salida,10,Azucena Picaflor,
25/02/26,08:00,Local,Entrada,12,Cachito Bellavista,
25/02/26,17:00,Local,Salida,12,Cachito Bellavista,
25/02/26,08:00,Local,Entrada,14,Gabriel Marquez,
25/02/26,17:00,Local,Salida,14,Gabriel Marquez,
26/02/26,08:00,Manual,Entrada,10,Azucena Picaflor,
26/02/26,17:00,Manual,Salida,10,Azucena Picaflor,
26/02/26,08:00,Manual,Entrada,12,Cachito Bellavista,
26/02/26,17:00,Manual,Salida,12,Cachito Bellavista,
26/02/26,08:00,Manual,Entrada,14,Gabriel Marquez,
26/02/26,17:00,Manual,Salida,14,Gabriel Marquez,
27/02/26,08:00,Local,Entrada,10,Azucena Picaflor,
27/02/26,17:00,Local,Salida,10,Azucena Picaflor,
27/02/26,08:00,Local,Entrada,12,Cachito Bellavista,
27/02/26,17:00,Local,Salida,12,Cachito Bellavista,
27/02/26,08:00,Local,Entrada,14,Gabriel Marquez,
27/02/26,17:00,Local,Salida,14,Gabriel Marquez,
02/03/26,08:00,Manual,Entrada,10,Azucena Picaflor,
02/03/26,17:00,Manual,Salida,10,Azucena Picaflor,
02/03/26,08:00,Manual,Entrada,12,Cachito Bellavista,
02/03/26,17:00,Manual,Salida,12,Cachito Bellavista,
02/03/26,08:00,Manual,Entrada,14,Gabriel Marquez,
02/03/26,17:00,Manual,Salida,14,Gabriel Marquez,
03/03/26,08:00,Local,Entrada,10,Azucena Picaflor,
03/03/26,17:00,Local,Salida,10,Azucena Picaflor,
03/03/26,08:00,Local,Entrada,12,Cachito Bellavista,
03/03/26,17:00,Local,Salida,12,Cachito Bellavista,
03/03/26,08:00,Local,Entrada,14,Gabriel Marquez,
03/03/26,17:00,Local,Salida,14,Gabriel Marquez,
04/03/26,08:00,Manual,Entrada,10,Azucena Picaflor,
04/03/26,17:00,Manual,Salida,10,Azucena Picaflor,
04/03/26,08:00,Manual,Entrada,12,Cachito Bellavista,
04/03/26,17:00,Manual,Salida,12,Cachito Bellavista,
04/03/26,08:00,Manual,Entrada,14,Gabriel Marquez,
04/03/26,17:00,Manual,Salida,14,Gabriel Marquez,
05/03/26,08:00,Local,Entrada,10,Azucena Picaflor,
05/03/26,17:00,Local,Salida,10,Azucena Picaflor,
05/03/26,08:00,Local,Entrada,12,Cachito Bellavista,
05/03/26,17:00,Local,Salida,12,Cachito Bellavista,
05/03/26,08:00,Local,Entrada,14,Gabriel Marquez,
05/03/26,17:00,Local,Salida,14,Gabriel Marquez,
06/03/26,08:00,Manual,Entrada,10,Azucena Picaflor,
06/03/26,17:00,Manual,Salida,10,Azucena Picaflor,
06/03/26,08:00,Manual,Entrada,12,Cachito Bellavista,
06/03/26,17:00,Manual,Salida,12,Cachito Bellavista,
06/03/26,08:00,Manual,Entrada,14,Gabriel Marquez,
06/03/26,17:00,Manual,Salida,14,Gabriel Marquez,
09/03/26,08:00,Local,Entrada,10,Azucena Picaflor,
09/03/26,17:00,Local,Salida,10,Azucena Picaflor,
09/03/26,08:00,Local,Entrada,12,Cachito Bellavista,
09/03/26,17:00,Local,Salida,12,Cachito Bellavista,
09/03/26,08:00,Local,Entrada,14,Gabriel Marquez,
09/03/26,17:00,Local,Salida,14,Gabriel Marquez,
10/03/26,08:00,Manual,Entrada,10,Azucena Picaflor,
10/03/26,17:00,Manual,Salida,10,Azucena Picaflor,
10/03/26,08:00,Manual,Entrada,12,Cachito Bellavista,
10/03/26,17:00,Manual,Salida,12,Cachito Bellavista,
10/03/26,08:00,Manual,Entrada,14,Gabriel Marquez,
10/03/26,17:00,Manual,Salida,14,Gabriel Marquez,
11/03/26,08:00,Local,Entrada,10,Azucena Picaflor,
11/03/26,17:00,Local,Salida,10,Azucena Picaflor,
11/03/26,08:00,Local,Entrada,12,Cachito Bellavista,
11/03/26,17:00,Local,Salida,12,Cachito Bellavista,
11/03/26,08:00,Local,Entrada,14,Gabriel Marquez,
11/03/26,17:00,Local,Salida,14,Gabriel Marquez,
12/03/26,08:00,Manual,Entrada,10,Azucena Picaflor,
12/03/26,17:00,Manual,Salida,10,Azucena Picaflor,
12/03/26,08:00,Manual,Entrada,12,Cachito Bellavista,
12/03/26,17:00,Manual,Salida,12,Cachito Bellavista,
12/03/26,08:00,Manual,Entrada,14,Gabriel Marquez,
12/03/26,17:00,Manual,Salida,14,Gabriel Marquez,
13/03/26,08:00,Local,Entrada,10,Azucena Picaflor,
13/03/26,17:00,Local,Salida,10,Azucena Picaflor,
13/03/26,08:00,Local,Entrada,12,Cachito Bellavista,
13/03/26,17:00,Local,Salida,12,Cachito Bellavista,
13/03/26,08:00,Local,Entrada,14,Gabriel Marquez,
13/03/26,17:00,Local,Salida,14,Gabriel Marquez,
16/03/26,08:00,Manual,Entrada,10,Azucena Picaflor,
16/03/26,17:00,Manual,Salida,10,Azucena Picaflor,
16/03/26,08:00,Manual,Entrada,12,Cachito Bellavista,
16/03/26,17:00,Manual,Salida,12,Cachito Bellavista,
16/03/26,08:00,Manual,Entrada,14,Gabriel Marquez,
16/03/26,17:00,Manual,Salida,14,Gabriel Marquez,
17/03/26,08:00,Local,Entrada,10,Azucena Picaflor,
17/03/26,17:00,Local,Salida,10,Azucena Picaflor,
17/03/26,08:00,Local,Entrada,12,Cachito Bellavista,
17/03/26,17:00,Local,Salida,12,Cachito Bellavista,
17/03/26,08:00,Local,Entrada,14,Gabriel Marquez,
17/03/26,17:00,Local,Salida,14,Gabriel Marquez,
18/03/26,08:00,Manual,Entrada,10,Azucena Picaflor,
18/03/26,17:00,Manual,Salida,10,Azucena Picaflor,
18/03/26,08:00,Manual,Entrada,12,Cachito Bellavista,
18/03/26,17:00,Manual,Salida,12,Cachito Bellavista,
18/03/26,08:00,Manual,Entrada,14,Gabriel Marquez,
18/03/26,17:00,Manual,Salida,14,Gabriel Marquez,
19/03/26,08:00,Local,Entrada,10,Azucena Picaflor,
19/03/26,17:00,Local,Salida,10,Azucena Picaflor,
19/03/26,08:00,Local,Entrada,12,Cachito Bellavista,
19/03/26,17:00,Local,Salida,12,Cachito Bellavista,
19/03/26,08:00,Local,Entrada,14,Gabriel Marquez,
19/03/26,17:00,Local,Salida,14,Gabriel Marquez,
20/03/26,08:00,Manual,Entrada,10,Azucena Picaflor,
20/03/26,17:00,Manual,Salida,10,Azucena Picaflor,
20/03/26,08:00,Manual,Entrada,12,Cachito Bellavista,
20/03/26,17:00,Manual,Salida,12,Cachito Bellavista,
20/03/26,08:00,Manual,Entrada,14,Gabriel Marquez,
20/03/26,17:00,Manual,Salida,14,Gabriel Marquez,
23/03/26,08:00,Local,Entrada,10,Azucena Picaflor,
23/03/26,17:00,Local,Salida,10,Azucena Picaflor,
23/03/26,08:00,Local,Entrada,12,Cachito Bellavista,
23/03/26,17:00,Local,Salida,12,Cachito Bellavista,
23/03/26,08:00,Local,Entrada,14,Gabriel Marquez,
23/03/26,17:00,Local,Salida,14,Gabriel Marquez,
24/03/26,08:00,Manual,Entrada,10,Azucena Picaflor,
24/03/26,17:00,Manual,Salida,10,Azucena Picaflor,
24/03/26,08:00,Manual,Entrada,12,Cachito Bellavista,
24/03/26,17:00,Manual,Salida,12,Cachito Bellavista,
24/03/26,08:00,Manual,Entrada,14,Gabriel Marquez,
24/03/26,17:00,Manual,Salida,14,Gabriel Marquez,
25/03/26,08:00,Local,Entrada,10,Azucena Picaflor,
25/03/26,17:00,Local,Salida,10,Azucena Picaflor,
25/03/26,08:00,Local,Entrada,12,Cachito Bellavista,
25/03/26,17:00,Local,Salida,12,Cachito Bellavista,
25/03/26,08:00,Local,Entrada,14,Gabriel Marquez,
25/03/26,17:00,Local,Salida,14,Gabriel Marquez,
26/03/26,08:00,Manual,Entrada,10,Azucena Picaflor,
26/03/26,17:00,Manual,Salida,10,Azucena Picaflor,
26/03/26,08:00,Manual,Entrada,12,Cachito Bellavista,
26/03/26,17:00,Manual,Salida,12,Cachito Bellavista,
26/03/26,08:00,Manual,Entrada,14,Gabriel Marquez,
26/03/26,17:00,Manual,Salida,14,Gabriel Marquez,
27/03/26,08:00,Local,Entrada,10,Azucena Picaflor,
27/03/26,17:00,Local,Salida,10,Azucena Picaflor,
27/03/26,08:00,Local,Entrada,12,Cachito Bellavista,
27/03/26,17:00,Local,Salida,12,Cachito Bellavista,
27/03/26,08:00,Local,Entrada,14,Gabriel Marquez,
27/03/26,17:00,Local,Salida,14,Gabriel Marquez,
30/03/26,08:00,Manual,Entrada,10,Azucena Picaflor,
30/03/26,17:00,Manual,Salida,10,Azucena Picaflor,
30/03/26,08:00,Manual,Entrada,12,Cachito Bellavista,
30/03/26,17:00,Manual,Salida,12,Cachito Bellavista,
30/03/26,08:00,Manual,Entrada,14,Gabriel Marquez,
30/03/26,17:00,Manual,Salida,14,Gabriel Marquez,
31/03/26,08:00,Local,Entrada,10,Azucena Picaflor,
31/03/26,17:00,Local,Salida,10,Azucena Picaflor,
31/03/26,08:00,Local,Entrada,12,Cachito Bellavista,
31/03/26,17:00,Local,Salida,12,Cachito Bellavista,
31/03/26,08:00,Local,Entrada,14,Gabriel Marquez,
31/03/26,17:00,Local,Salida,14,Gabriel Marquez,
01/04/26,08:00,Manual,Entrada,10,Azucena Picaflor,
01/04/26,17:00,Manual,Salida,10,Azucena Picaflor,
01/04/26,08:00,Manual,Entrada,12,Cachito Bellavista,
01/04/26,17:00,Manual,Salida,12,Cachito Bellavista,
01/04/26,08:00,Manual,Entrada,14,Gabriel Marquez,
01/04/26,17:00,Manual,Salida,14,Gabriel Marquez,
02/04/26,08:00,Local,Entrada,10,Azucena Picaflor,
02/04/26,17:00,Local,Salida,10,Azucena Picaflor,
02/04/26,08:00,Local,Entrada,12,Cachito Bellavista,
02/04/26,17:00,Local,Salida,12,Cachito Bellavista,
02/04/26,08:00,Local,Entrada,14,Gabriel Marquez,
02/04/26,17:00,Local,Salida,14,Gabriel Marquez,
03/04/26,08:00,Manual,Entrada,10,Azucena Picaflor,
03/04/26,17:00,Manual,Salida,10,Azucena Picaflor,
03/04/26,08:00,Manual,Entrada,12,Cachito Bellavista,
03/04/26,17:00,Manual,Salida,12,Cachito Bellavista,
03/04/26,08:00,Manual,Entrada,14,Gabriel Marquez,
03/04/26,17:00,Manual,Salida,14,Gabriel Marquez,
06/04/26,08:00,Local,Entrada,10,Azucena Picaflor,
06/04/26,17:00,Local,Salida,10,Azucena Picaflor,
06/04/26,08:00,Local,Entrada,12,Cachito Bellavista,
06/04/26,17:00,Local,Salida,12,Cachito Bellavista,
06/04/26,08:00,Local,Entrada,14,Gabriel Marquez,
06/04/26,17:00,Local,Salida,14,Gabriel Marquez,
07/04/26,08:00,Manual,Entrada,10,Azucena Picaflor,
07/04/26,17:00,Manual,Salida,10,Azucena Picaflor,
07/04/26,08:00,Manual,Entrada,12,Cachito Bellavista,
07/04/26,17:00,Manual,Salida,12,Cachito Bellavista,
07/04/26,08:00,Manual,Entrada,14,Gabriel Marquez,
07/04/26,17:00,Manual,Salida,14,Gabriel Marquez,
08/04/26,08:00,Local,Entrada,10,Azucena Picaflor,
08/04/26,17:00,Local,Salida,10,Azucena Picaflor,
08/04/26,08:00,Local,Entrada,12,Cachito Bellavista,
08/04/26,17:00,Local,Salida,12,Cachito Bellavista,
08/04/26,08:00,Local,Entrada,14,Gabriel Marquez,
08/04/26,17:00,Local,Salida,14,Gabriel Marquez,
09/04/26,08:00,Manual,Entrada,10,Azucena Picaflor,
09/04/26,17:00,Manual,Salida,10,Azucena Picaflor,
09/04/26,08:00,Manual,Entrada,12,Cachito Bellavista,
09/04/26,17:00,Manual,Salida,12,Cachito Bellavista,
09/04/26,08:00,Manual,Entrada,14,Gabriel Marquez,
09/04/26,17:00,Manual,Salida,14,Gabriel Marquez,
10/04/26,08:00,Local,Entrada,10,Azucena Picaflor,
10/04/26,17:00,Local,Salida,10,Azucena Picaflor,
10/04/26,08:00,Local,Entrada,12,Cachito Bellavista,
10/04/26,17:00,Local,Salida,12,Cachito Bellavista,
10/04/26,08:00,Local,Entrada,14,Gabriel Marquez,
10/04/26,17:00,Local,Salida,14,Gabriel Marquez,
13/04/26,08:00,Manual,Entrada,10,Azucena Picaflor,
13/04/26,17:00,Manual,Salida,10,Azucena Picaflor,
